Nº  EXPEDIENTE;FECHA;HORA;CALLE;NÚMERO;DISTRITO;TIPO ACCIDENTE;ESTADO METEREOLÓGICO;TIPO VEHÍCULO;TIPO PERSONA;RANGO DE EDAD;SEXO;LESIVIDAD*;* La correspondencia de los códigos se encuentra descrito en la estructura del fichero.
2019S000659;01/01/2019;14:00;CALL. CASTELLO / CALL. DON RAMON DE LA CRUZ;-;SALAMANCA;Alcance;Despejado;Bicicleta;Conductor;DE 25 A 29 AÑOS;Hombre;01;
2019S000036;02/01/2019;20:45;AVDA. GRAN VIA DE HORTALEZA / GTA. LUIS ROSALES;-;HORTALEZA;Colisión fronto-lateral;Despejado;Bicicleta;Conductor;DE 70 A 74 AÑOS;Hombre;03;
2019S000133;03/01/2019;14:30;CALL. FELIPE ALVAREZ;10;VILLA DE VALLECAS;Alcance;Se desconoce;Bicicleta;Conductor;DE 15 A 17 AÑOS;Hombre;07;
2019S000132;03/01/2019;12:45;AVDA. SANTA EUGENIA / CALL. REAL DE ARGANDA;-;VILLA DE VALLECAS;Alcance;Despejado;Bicicleta;Conductor;DE 18 A 20 AÑOS;Hombre;07;
2019S000132;03/01/2019;12:45;AVDA. SANTA EUGENIA / CALL. REAL DE ARGANDA;-;VILLA DE VALLECAS;Alcance;Despejado;Bicicleta;Conductor;DE 21 A 24 AÑOS;Hombre;14;
2019S000045;03/01/2019;10:30;CTRA. DEHESA DE LA VILLA;1;MONCLOA-ARAVACA;Caída;Despejado;Bicicleta;Conductor;DE 15 A 17 AÑOS;Hombre;02;
2019S000306;04/01/2019;17:10;CALL. PRADILLO;26;CHAMARTÍN;Colisión fronto-lateral;Despejado;Bicicleta;Conductor;DE 30 A 34 AÑOS;Hombre;07;
2019S000641;04/01/2019;13:35;CALL. CAÑON DEL RIO LOBOS; 7A;MORATALAZ;Colisión fronto-lateral;Despejado;Bicicleta;Conductor;DE 65 A 69 AÑOS;Hombre;07;
2019S000904;07/01/2019;14:00;CALL. NUESTRA SEÑORA DE VALVERDE / CALL. DOCTOR JUAN BRAVO;-;FUENCARRAL-EL PARDO;Colisión fronto-lateral;Despejado;Bicicleta;Conductor;DE 30 A 34 AÑOS;Hombre;07;
2019S002373;08/01/2019;20:55;CALL. PUERTO DE LA CRUZ VERDE;49;ARGANZUELA;Atropello a persona;Despejado;Bicicleta;Conductor;DE 45 A 49 AÑOS;Hombre;14;
2019S002373;08/01/2019;20:55;CALL. PUERTO DE LA CRUZ VERDE;49;ARGANZUELA;Atropello a persona;Despejado;Bicicleta;Peatón;DE 35 A 39 AÑOS;Hombre;07;
2019S001738;08/01/2019;13:03;C/ MONASTERIO DE ARLANZA-AV. SANTUARIO DE VALVERDE;-;FUENCARRAL-EL PARDO;Caída;Despejado;Bicicleta;Conductor;DE 25 A 29 AÑOS;Hombre;02;
2019S001943;09/01/2019;14:50;CALL. ANTONIO DE LEYVA;84;CARABANCHEL;Colisión lateral;Despejado;Bicicleta;Conductor;DE 30 A 34 AÑOS;Hombre;07;
2019S001678;09/01/2019;12:50;CALL. GRAN VIA;66;CENTRO;Alcance;Despejado;Bicicleta;Conductor;DE 15 A 17 AÑOS;Hombre;;
2019S002882;10/01/2019;20:30;PASEO. JUAN ANTONIO VALLEJO-NAJERA BOTAS / CALL. GASOMETRO;-;ARGANZUELA;Caída;Despejado;Bicicleta;Conductor;DE 50 A 54 AÑOS;Hombre;02;
2019S003283;11/01/2019;16:00;CALL. GRAN VIA / CALL. SAN BERNARDO;-;CENTRO;Colisión fronto-lateral;Despejado;Bicicleta;Conductor;DE 25 A 29 AÑOS;Hombre;14;
2019S002594;12/01/2019;22:45;POLIG. ALUCHE-AVENIDA DE LOS POBLADOS / CALL. SECOYA;-;LATINA;Choque contra obstáculo fijo;Despejado;Bicicleta;Conductor;DE 25 A 29 AÑOS;Hombre;06;
2019S006584;12/01/2019;22:25;CALL. GENERAL RICARDOS / GTA. VALLE DE ORO;-;CARABANCHEL;Colisión fronto-lateral;Despejado;Bicicleta;Conductor;DE 18 A 20 AÑOS;Hombre;07;
2019S002591;12/01/2019;22:15;AVDA. POBLADOS / CALL. SECOYA;-;CARABANCHEL;Choque contra obstáculo fijo;Despejado;Bicicleta;Conductor;DE 25 A 29 AÑOS;Hombre;02;
2019S003364;12/01/2019;13:03;AVDA. ENSANCHE DE VALLECAS;44;VILLA DE VALLECAS;Colisión fronto-lateral;Se desconoce;Bicicleta;Conductor;DE 15 A 17 AÑOS;Mujer;07;
2019S002704;12/01/2019;13:00;CALL. SANCHIDRIAN; 13A;LATINA;Alcance;Despejado;Bicicleta;Conductor;DE 45 A 49 AÑOS;Hombre;14;
2019S003463;14/01/2019;22:45;CALL. MIGUEL ANGEL / PASEO. GENERAL MARTINEZ CAMPOS;-;CHAMBERÍ;Colisión fronto-lateral;;Bicicleta;Conductor;DE 25 A 29 AÑOS;Hombre;;
2019S004134;14/01/2019;20:20;PASEO. EL PARDO;37;FUENCARRAL-EL PARDO;Caída;Despejado;Bicicleta;Conductor;DE 40 A 44 AÑOS;Hombre;02;
2019S003277;14/01/2019;16:30;CALL. SANTA GENOVEVA / PLAZA. AGUSTIN GONZALEZ;-;CIUDAD LINEAL;Colisión lateral;Despejado;Bicicleta;Conductor;DE 50 A 54 AÑOS;Mujer;14;
2019S002788;14/01/2019;11:10;CALL. FLORA;1;CENTRO;Caída;Despejado;Bicicleta;Conductor;DE 40 A 44 AÑOS;Hombre;07;
2019S003749;16/01/2019;15:20;PLAZA. CONDE DEL VALLE DE SUCHIL;3;CHAMBERÍ;Caída;Despejado;Bicicleta;Conductor;DE 55 A 59 AÑOS;Mujer;07;
2019S003306;16/01/2019;9:00;AVDA. DAROCA / CALL. NICOLAS SALMERON;-;CIUDAD LINEAL;Colisión fronto-lateral;Despejado;Bicicleta;Conductor;DE 35 A 39 AÑOS;Hombre;06;
2019S004601;17/01/2019;19:50;CALL. ARENAL / CALL. DONADOS;-;CENTRO;Colisión lateral;Despejado;Bicicleta;Conductor;DE 21 A 24 AÑOS;Hombre;07;
2019S004151;17/01/2019;16:15;CALL. SERRANO;141;CHAMARTÍN;Alcance;Despejado;Bicicleta;Conductor;DE 45 A 49 AÑOS;Mujer;14;
2019S003662;17/01/2019;6:00;CALL. DOCE DE OCTUBRE;26;RETIRO;Choque contra obstáculo fijo;Despejado;Bicicleta;Conductor;DE 18 A 20 AÑOS;Hombre;02;
2019S004271;18/01/2019;18:05;AVDA. FERMINA SEVILLANO;42;SAN BLAS-CANILLEJAS;Colisión frontal;;Bicicleta;Conductor;DE 45 A 49 AÑOS;Hombre;;
2019S005101;18/01/2019;13:00;CALL. VILLABLANCA;11;VICÁLVARO;Colisión fronto-lateral;Despejado;Bicicleta;Conductor;DE 60 A 64 AÑOS;Hombre;02;
2019S004769;18/01/2019;7:55;CALL. GENOVA;2;CENTRO;Caída;Despejado;Bicicleta;Conductor;DE 50 A 54 AÑOS;Hombre;02;
2019S004528;19/01/2019;21:10;PLAZA. INDEPENDENCIA / CALL. ALCALA;-;SALAMANCA;Colisión fronto-lateral;Lluvia débil;Bicicleta;Conductor;DE 25 A 29 AÑOS;Hombre;06;
2019S004582;19/01/2019;11:10;CTRA. EL PARDO A FUENCARRAL;0;FUENCARRAL-EL PARDO;Caída;Despejado;Bicicleta;Conductor;DE 30 A 34 AÑOS;Hombre;02;
2019S004939;21/01/2019;16:50;CALL. SAN ENRIQUE DE OSSO;36;HORTALEZA;Colisión fronto-lateral;Despejado;Bicicleta;Conductor;DE 10 A 14 AÑOS;Hombre;02;
2019S005062;23/01/2019;15:38;AVDA. ALBUFERA;149;PUENTE DE VALLECAS;Colisión fronto-lateral;Despejado;Bicicleta;Conductor;DE 65 A 69 AÑOS;Hombre;14;
2019S007634;24/01/2019;19:58;AVDA. ALBUFERA / CALL. PUERTO DE CANFRANC;-;PUENTE DE VALLECAS;Otro;Despejado;Bicicleta;Conductor;DE 30 A 34 AÑOS;Hombre;14;
2019S005036;24/01/2019;11:15;CALL. BRAVO MURILLO / CALL. PENSAMIENTO;-;TETUÁN;Atropello a persona;Despejado;Bicicleta;Conductor;DE 55 A 59 AÑOS;Hombre;14;
2019S005036;24/01/2019;11:15;CALL. BRAVO MURILLO / CALL. PENSAMIENTO;-;TETUÁN;Atropello a persona;Despejado;Bicicleta;Peatón;DE 55 A 59 AÑOS;Mujer;07;
2019S005992;25/01/2019;9:12;CALLE ALFONSO XI , CALLE ALCALA;-;RETIRO;Colisión fronto-lateral;Despejado;Bicicleta;Conductor;DE 35 A 39 AÑOS;Hombre;07;
2019S010907;25/01/2019;4:00;CALL. GRAN VIA;78;CENTRO;Colisión fronto-lateral;Se desconoce;Bicicleta;Conductor;DE 21 A 24 AÑOS;Hombre;05;
2019S006032;26/01/2019;21:35;CALL. MARIA DE MOLINA;60;SALAMANCA;Alcance;Despejado;Bicicleta;Conductor;DE 25 A 29 AÑOS;Hombre;07;
2019S006501;27/01/2019;16:15;CALL. ALCALA;44;CENTRO;Atropello a persona;Despejado;Bicicleta;Conductor;DE 25 A 29 AÑOS;Hombre;02;
2019S006501;27/01/2019;16:15;CALL. ALCALA;44;CENTRO;Atropello a persona;Despejado;Bicicleta;Peatón;DE 25 A 29 AÑOS;Mujer;14;
2019S006478;28/01/2019;18:00;CALL. MENDEZ ALVARO / CALL. TITAN;-;ARGANZUELA;Caída;Despejado;Bicicleta;Conductor;DE 55 A 59 AÑOS;Hombre;14;
2019S013729;29/01/2019;16:26;PASEO. RECOLETOS;23;CENTRO;Caída;Lluvia débil;Bicicleta;Conductor;DE 45 A 49 AÑOS;Hombre;02;
2019S006655;30/01/2019;13:20;AVDA. CARABANCHEL ALTO;122;CARABANCHEL;Colisión frontal;Despejado;Bicicleta;Conductor;DE 10 A 14 AÑOS;Mujer;01;
2019S006649;30/01/2019;11:41;CALL. TOMASA RUIZ;1;CARABANCHEL;Choque contra obstáculo fijo;Despejado;Bicicleta;Conductor;DE 30 A 34 AÑOS;Hombre;;
2019S007855;01/02/2019;13:30;CALL. DOCTOR ESQUERDO / CALL. DOCTOR ESQUERDO;-;RETIRO;Alcance;Despejado;Bicicleta;Conductor;DE 35 A 39 AÑOS;Mujer;07;
2019S008460;01/02/2019;1:40;CALL. SANTA ENGRACIA / CALL. RIOS ROSAS;-;CHAMBERÍ;Colisión fronto-lateral;Lluvia débil;Bicicleta;Conductor;DE 21 A 24 AÑOS;Hombre;07;
2019S007891;01/02/2019;0:15;CALL. FRANCISCO SANTOS / CALL. MARTINEZ IZQUIERDO;-;SALAMANCA;Colisión fronto-lateral;Lluvia débil;Bicicleta;Conductor;DE 45 A 49 AÑOS;Hombre;07;
2019S010276;02/02/2019;11:30;CALL. MARTINEZ DE LA RIVA;4;PUENTE DE VALLECAS;Colisión lateral;Despejado;Bicicleta;Conductor;DE 40 A 44 AÑOS;Hombre;;
2019S007920;02/02/2019;11:07;CALL. MARCELO USERA / CALL. MANUEL NOYA;-;USERA;Atropello a persona;Despejado;Bicicleta;Conductor;DE 50 A 54 AÑOS;Mujer;14;
2019S007920;02/02/2019;11:07;CALL. MARCELO USERA / CALL. MANUEL NOYA;-;USERA;Atropello a persona;Despejado;Bicicleta;Peatón;DE 70 A 74 AÑOS;Mujer;07;
2019S007753;02/02/2019;0:03;CALL. MARIA DE MOLINA;18;SALAMANCA;Caída;Despejado;Bicicleta;Conductor;DE 35 A 39 AÑOS;Hombre;02;
2019S008637;03/02/2019;17:00;CALL. ALTAMIRANO / PASEO. PINTOR ROSALES;-;MONCLOA-ARAVACA;Caída;Despejado;Bicicleta;Conductor;DE 45 A 49 AÑOS;Mujer;06;
2019S008855;06/02/2019;19:40;CALL. AGUSTIN DE FOXA;30;CHAMARTÍN;Colisión fronto-lateral;Despejado;Bicicleta;Conductor;DE 30 A 34 AÑOS;Hombre;06;
2019S008627;06/02/2019;17:30;CALL. ALCALA;173;SALAMANCA;Alcance;Despejado;Bicicleta;Conductor;DE 40 A 44 AÑOS;Hombre;;
2019S009150;06/02/2019;16:40;CALL. GRAN VIA / CALL. ALCALA;-;CENTRO;Caída;Despejado;Bicicleta;Conductor;DE 35 A 39 AÑOS;Hombre;05;
2019S008489;06/02/2019;10:25;CALL. JUAN BRAVO;17;SALAMANCA;Colisión frontal;Despejado;Bicicleta;Conductor;DE 50 A 54 AÑOS;Hombre;02;
2019S008448;06/02/2019;8:05;AVDA. LLANO CASTELLANO / AVDA. CARDENAL HERRERA ORIA;-;FUENCARRAL-EL PARDO;Atropello a persona;Despejado;Bicicleta;Conductor;DE 45 A 49 AÑOS;Hombre;02;
2019S008448;06/02/2019;8:05;AVDA. LLANO CASTELLANO / AVDA. CARDENAL HERRERA ORIA;-;FUENCARRAL-EL PARDO;Atropello a persona;Despejado;Bicicleta;Peatón;DE 15 A 17 AÑOS;Mujer;07;
2019S009106;07/02/2019;18:50;CALL. PRINCIPE DE VERGARA / GTA. LOPEZ DE HOYOS;-;CHAMARTÍN;Caída;Despejado;Bicicleta;Conductor;DE 35 A 39 AÑOS;Mujer;06;
2019S009136;07/02/2019;16:10;CALL. VALLEHERMOSO / CALL. FERNANDEZ DE LOS RIOS;-;CHAMBERÍ;Alcance;;Bicicleta;Conductor;DE 30 A 34 AÑOS;Hombre;;
2019S009001;07/02/2019;9:15;CALL. PRADILLO;42;CHAMARTÍN;Choque contra obstáculo fijo;Despejado;Bicicleta;Conductor;DE 35 A 39 AÑOS;Hombre;07;
2019S009731;08/02/2019;22:30;CALL. ALCALA;13;CENTRO;Caída;Se desconoce;Bicicleta;Conductor;DE 50 A 54 AÑOS;Mujer;07;
2019S009806;08/02/2019;21:40;CALL. MESON DE PAREDES / CALL. JUANELO;-;CENTRO;Colisión fronto-lateral;Despejado;Bicicleta;Conductor;DE 25 A 29 AÑOS;Hombre;07;
2019S009733;10/02/2019;16:05;PASEO. REINA CRISTINA / CALL. ANDRES TORREJON;-;RETIRO;Colisión fronto-lateral;;Bicicleta;Conductor;DE 21 A 24 AÑOS;Hombre;;
2019S009715;10/02/2019;13:45;CALL. PRINCIPE DE VERGARA;219;CHAMARTÍN;Colisión lateral;Despejado;Bicicleta;Conductor;DE 21 A 24 AÑOS;Hombre;07;
2019S009957;11/02/2019;16:13;CALL. SERRANO;8;SALAMANCA;Alcance;Despejado;Bicicleta;Conductor;DE 35 A 39 AÑOS;Hombre;07;
2019S009942;11/02/2019;14:15;CALL. ALCALA;101;SALAMANCA;Alcance;Despejado;Bicicleta;Conductor;DE 25 A 29 AÑOS;Hombre;01;
2019S010289;11/02/2019;9:15;CALL. MIGUEL ANGEL;29;CHAMBERÍ;Colisión fronto-lateral;Despejado;Bicicleta;Conductor;DE 25 A 29 AÑOS;Hombre;06;
2019S010293;12/02/2019;22:00;PASEO. PRADO;2;CENTRO;Alcance;Despejado;Bicicleta;Conductor;DE 25 A 29 AÑOS;Hombre;02;
2019S010365;12/02/2019;19:05;GTA. QUEVEDO / CALL. SAN BERNARDO;-;CHAMBERÍ;Colisión lateral;Despejado;Bicicleta;Conductor;DE 30 A 34 AÑOS;Hombre;07;
2019S010852;13/02/2019;17:30;CALL. SILVANO / CALL. FRANCISCO MOSQUEDA;-;HORTALEZA;Atropello a persona;Despejado;Bicicleta;Conductor;DE 45 A 49 AÑOS;Hombre;02;
2019S010852;13/02/2019;17:30;CALL. SILVANO / CALL. FRANCISCO MOSQUEDA;-;HORTALEZA;Atropello a persona;Despejado;Bicicleta;Peatón;DE 21 A 24 AÑOS;Mujer;07;
2019S010360;13/02/2019;14:25;CALL. CONDE DE PEÑALVER;38;SALAMANCA;Alcance;Despejado;Bicicleta;Conductor;DE 55 A 59 AÑOS;Mujer;02;
2019S010849;14/02/2019;20:00;CALL. SANTA ENGRACIA;6;CHAMBERÍ;Atropello a persona;Despejado;Bicicleta;Conductor;DE 25 A 29 AÑOS;Hombre;06;
2019S010849;14/02/2019;20:00;CALL. SANTA ENGRACIA;6;CHAMBERÍ;Atropello a persona;Despejado;Bicicleta;Peatón;DE 25 A 29 AÑOS;Hombre;14;
2019S010716;14/02/2019;18:00;AVDA. MENENDEZ PELAYO;38;RETIRO;Caída;Despejado;Bicicleta;Conductor;DE 35 A 39 AÑOS;Mujer;;
2019S010855;14/02/2019;18:00;AUTOV. M-40 CON AVDA. DOCTOR GARCIA TAPIA;-;MORATALAZ;Alcance;Despejado;Bicicleta;Conductor;DE 50 A 54 AÑOS;Hombre;07;
2019S010653;14/02/2019;14:20;PASEO. INFANTA ISABEL;17;RETIRO;Colisión lateral;Despejado;Bicicleta;Conductor;DE 21 A 24 AÑOS;Hombre;07;
2019S010951;15/02/2019;14:10;GTA. ANGEL CAIDO;4;RETIRO;Caída;Despejado;Bicicleta;Conductor;DE 45 A 49 AÑOS;Mujer;06;
2019S011338;16/02/2019;19:55;CALL. JOAQUIN TURINA;31;CARABANCHEL;Caída;Despejado;Bicicleta;Conductor;DE 45 A 49 AÑOS;Mujer;06;
2019S011335;16/02/2019;17:10;PASEO. CHOPERA;2;ARGANZUELA;Caída;Despejado;Bicicleta;Conductor;DE 35 A 39 AÑOS;Mujer;02;
2019S011089;16/02/2019;14:05;RONDA DE VALENCIA CON GLORIETA DE EMBAJADORES;-;CENTRO;Colisión lateral;Despejado;Bicicleta;Conductor;DE 35 A 39 AÑOS;Hombre;;
2019S011128;17/02/2019;9:00;AVDA. POBLADOS / CALL. ANTONIO ROMERO;-;CARABANCHEL;Alcance;Despejado;Bicicleta;Conductor;DE 35 A 39 AÑOS;Hombre;03;
2019S012186;19/02/2019;11:57;CALL. IGLESIAS EXTRAMUROS / AVDA. PESETA;-;LATINA;Colisión fronto-lateral;Despejado;Bicicleta;Conductor;DE 50 A 54 AÑOS;Hombre;07;
2019S013666;20/02/2019;10:30;CALL. MANCHA / AVDA. ENTREVIAS;-;PUENTE DE VALLECAS;Colisión lateral;Despejado;Bicicleta;Conductor;DE 25 A 29 AÑOS;Hombre;06;
2019S012142;20/02/2019;7:45;CALL. ATOCHA;104;CENTRO;Caída;Despejado;Bicicleta;Conductor;DE 15 A 17 AÑOS;Mujer;07;
2019S014246;22/02/2019;20:05;CALL. GENERAL RICARDOS;18;CARABANCHEL;Alcance;Despejado;Bicicleta;Conductor;DE 40 A 44 AÑOS;Hombre;02;
2019S013090;23/02/2019;21:15;PLAZA. ESPAÑA;16;MONCLOA-ARAVACA;Alcance;Despejado;Bicicleta;Conductor;DE 21 A 24 AÑOS;Hombre;06;
2019S013198;23/02/2019;10:35;CALL. PARROCO EUSEBIO CUENCA;46;ARGANZUELA;Caída;Despejado;Bicicleta;Conductor;DE 40 A 44 AÑOS;Hombre;05;
2019S013570;25/02/2019;16:50;CALL. ESPARTEROS;12;CENTRO;Caída;Despejado;Bicicleta;Conductor;DE 30 A 34 AÑOS;Mujer;01;
2019S014478;27/02/2019;19:45;CALL. MELILOTO / CALL. NOPALERA;-;LATINA;Colisión fronto-lateral;Despejado;Bicicleta;Conductor;DE 18 A 20 AÑOS;Mujer;07;
2019S013812;27/02/2019;18:40;PASEO. GENERAL MARTINEZ CAMPOS / CALL. MODESTO LAFUENTE;-;CHAMBERÍ;Alcance;Despejado;Bicicleta;Conductor;DE 55 A 59 AÑOS;Hombre;07;
2019S013751;27/02/2019;10:25;PASEO. FERNAN NUÑEZ / PASEO. VENEZUELA;-;RETIRO;Caída;Despejado;Bicicleta;Conductor;DE 50 A 54 AÑOS;Hombre;06;
2019S013863;28/02/2019;8:45;GTA. SINTRA / CALL. VIA DE DUBLIN;-;BARAJAS;Colisión fronto-lateral;Despejado;Bicicleta;Conductor;DE 45 A 49 AÑOS;Hombre;07;
2019S013888;28/02/2019;7:30;PASEO. CASTELLANA;29;CHAMBERÍ;Caída;Despejado;Bicicleta;Conductor;DE 18 A 20 AÑOS;Hombre;07;
2019S014004;01/03/2019;20:45;PASEO. PRADO;13;RETIRO;Colisión fronto-lateral;Despejado;Bicicleta;Conductor;DE 18 A 20 AÑOS;Hombre;06;
2019S013999;01/03/2019;13:00;CALL. MODESTO LAFUENTE;61;CHAMBERÍ;Caída;Despejado;Bicicleta;Conductor;DE 50 A 54 AÑOS;Hombre;07;
2019S014016;01/03/2019;12:30;CALL. HACIENDA DE PAVONES / CALL. BRUJAS;-;VICÁLVARO;Otro;Despejado;Bicicleta;Conductor;DE 15 A 17 AÑOS;Hombre;07;
2019S014153;01/03/2019;12:10;RONDA. ATOCHA;7;ARGANZUELA;Caída;Despejado;Bicicleta;Conductor;DE 40 A 44 AÑOS;Hombre;14;
2019S014125;02/03/2019;14:50;CALL. RAIMUNDO FERNANDEZ VILLAVERDE / PASEO. CASTELLANA;-;TETUÁN;Caída;Despejado;Bicicleta;Conductor;DE 35 A 39 AÑOS;Mujer;07;
2019S014113;02/03/2019;13:30;PASEO. MOLINO;1;ARGANZUELA;Caída;Despejado;Bicicleta;Conductor;DE 25 A 29 AÑOS;Mujer;03;
2019S013972;02/03/2019;4:00;PASEO. PRADO;48;CENTRO;Caída;Despejado;Bicicleta;Conductor;DE 50 A 54 AÑOS;Hombre;07;
2019S014196;03/03/2019;23:25;PLAZA. EMPERADOR CARLOS V;1;CENTRO;Colisión lateral;Despejado;Bicicleta;Conductor;DE 55 A 59 AÑOS;Hombre;07;
2019S014242;03/03/2019;20:55;CALL. PRINCESA / CALL. HILARION ESLAVA;-;CHAMBERÍ;Colisión fronto-lateral;Despejado;Bicicleta;Conductor;DE 21 A 24 AÑOS;Mujer;07;
2019S014256;04/03/2019;16:05;CALL. ARROYO DE LA MEDIA LEGUA / CALL. CORREGIDOR DIEGO CABEZA DE VACA;-;MORATALAZ;Colisión fronto-lateral;Despejado;Bicicleta;Conductor;DE 18 A 20 AÑOS;Mujer;07;
2019S014263;04/03/2019;15:45;CALL. ALFONSO XII / CALL. MONTALBAN;-;RETIRO;Colisión lateral;Despejado;Bicicleta;Conductor;DE 21 A 24 AÑOS;Hombre;07;
2019S014303;04/03/2019;12:45;PASEO. CASTELLANA;92;CHAMARTÍN;Colisión lateral;Despejado;Bicicleta;Conductor;DE 30 A 34 AÑOS;Mujer;01;
2019S014289;04/03/2019;11:35;RETIRO;-;RETIRO;Caída;Despejado;Bicicleta;Conductor;DE 40 A 44 AÑOS;Hombre;05;
2019S014327;05/03/2019;16:15;CALL. TRESPADERNE / AVDA. SUR DEL AEROPUERTO DE BARAJAS;-;BARAJAS;Colisión fronto-lateral;Despejado;Bicicleta;Conductor;DE 35 A 39 AÑOS;Hombre;07;
2019S014416;06/03/2019;17:00;CALL. ALBAIDA;76;SAN BLAS-CANILLEJAS;Colisión fronto-lateral;Despejado;Bicicleta;Conductor;DE 45 A 49 AÑOS;Mujer;06;
2019S015623;06/03/2019;9:30;PLAZA. CARDENAL CISNEROS / AVDA. COMPLUTENSE;-;VILLA DE VALLECAS;Caída;LLuvia intensa;Bicicleta;Conductor;DE 35 A 39 AÑOS;Hombre;07;
2019S015708;08/03/2019;21:04;CALL. PRINCIPE CARLOS / CALL. MARIA TUDOR;-;HORTALEZA;Colisión fronto-lateral;Despejado;Bicicleta;Conductor;DE 10 A 14 AÑOS;Hombre;02;
2019S015708;08/03/2019;21:04;CALL. PRINCIPE CARLOS / CALL. MARIA TUDOR;-;HORTALEZA;Colisión fronto-lateral;Despejado;Bicicleta;Pasajero;DE 10 A 14 AÑOS;Mujer;02;
2019S014722;08/03/2019;19:25;AVDA. PARTENON;2;BARAJAS;Colisión fronto-lateral;Despejado;Bicicleta;Conductor;DE 21 A 24 AÑOS;Hombre;07;
2019S014661;08/03/2019;16:45;PASEO. CASTELLANA / CALL. RAIMUNDO FERNANDEZ VILLAVERDE;-;TETUÁN;Colisión fronto-lateral;Despejado;Bicicleta;Conductor;DE 25 A 29 AÑOS;Hombre;07;
2019S016583;09/03/2019;19:45;CALL. LOPEZ GRASS / AVDA. ALBUFERA;-;PUENTE DE VALLECAS;Colisión fronto-lateral;Despejado;Bicicleta;Conductor;DE 21 A 24 AÑOS;Hombre;06;
2019S015339;10/03/2019;22:00;AVDA. PORTUGAL;1;LATINA;Caída;Despejado;Bicicleta;Conductor;DE 25 A 29 AÑOS;Mujer;07;
2019S015263;10/03/2019;19:20;PASEO. ERMITA DEL SANTO / CALL. VIA CARPETANA;-;LATINA;Colisión frontal;Despejado;Bicicleta;Conductor;DE 25 A 29 AÑOS;Mujer;02;
2019S016088;10/03/2019;17:26;AVDA. INGENIERO EMILIO HERRERA;15;HORTALEZA;Colisión fronto-lateral;Despejado;Bicicleta;Conductor;DE 15 A 17 AÑOS;Mujer;07;
2019S015228;10/03/2019;14:58;CALL. SANTA ADELA;14;HORTALEZA;Colisión frontal;Despejado;Bicicleta;Conductor;DE 55 A 59 AÑOS;Hombre;03;
2019S015228;10/03/2019;14:58;CALL. SANTA ADELA;14;HORTALEZA;Colisión frontal;Despejado;Bicicleta;Conductor;DE 55 A 59 AÑOS;Hombre;14;
2019S015475;11/03/2019;21:30;PLAZA. ESPAÑA / CALL. BAILEN;-;CENTRO;Alcance;;Bicicleta;Conductor;DE 35 A 39 AÑOS;Mujer;;
2019S015481;11/03/2019;21:00;CALL. ALCALDE SAINZ DE BARANDA / AUTOV. M-30;-;SALAMANCA;Caída;Despejado;Bicicleta;Conductor;DE 35 A 39 AÑOS;Mujer;02;
2019S015537;11/03/2019;20:15;CALL. ALCOCER / AVDA. ANDALUCIA;-;VILLAVERDE;Otro;Despejado;Bicicleta;Conductor;DE 25 A 29 AÑOS;Mujer;;
2019S017801;12/03/2019;10:00;CALL. REGUERA DE TOMATEROS;39;PUENTE DE VALLECAS;Caída;Despejado;Bicicleta;Conductor;DE 70 A 74 AÑOS;Hombre;06;
2019S015559;12/03/2019;9:10;CALLE JORGE MANRIQUE - CALLE SERRANO;-;CHAMARTÍN;Alcance;Despejado;Bicicleta;Conductor;DE 35 A 39 AÑOS;Hombre;01;
2019S016418;13/03/2019;19:00;CALL. DOLORES BARRANCO / CALL. NICOLAS SANCHEZ;-;USERA;Otro;Despejado;Bicicleta;Conductor;DE 40 A 44 AÑOS;Hombre;07;
2019S016649;14/03/2019;11:55;AVDA. VICTORIA;11;MONCLOA-ARAVACA;Colisión fronto-lateral;;Bicicleta;Conductor;DE 45 A 49 AÑOS;Hombre;;
2019S016157;15/03/2019;22:00;CALL. BRAVO MURILLO;305;TETUÁN;Colisión lateral;Despejado;Bicicleta;Conductor;DE 21 A 24 AÑOS;Hombre;02;
2019S016203;15/03/2019;19:45;AVDA. CIUDAD DE BARCELONA / CALL. SECO;-;RETIRO;Caída;Despejado;Bicicleta;Conductor;DE 18 A 20 AÑOS;Hombre;02;
2019S016220;16/03/2019;18:35;CALL. O'DONNELL;52;RETIRO;Colisión fronto-lateral;Despejado;Bicicleta;Conductor;DE 40 A 44 AÑOS;Hombre;14;
2019S016338;16/03/2019;17:30;CALL. ALMAGRO;25;CHAMBERÍ;Alcance;Despejado;Bicicleta;Conductor;DE 30 A 34 AÑOS;Hombre;07;
2019S016463;16/03/2019;12:30;AVDA. NICETO ALCALA ZAMORA / CALL. JULIO CASARES;-;HORTALEZA;Alcance;Despejado;Bicicleta;Conductor;DE 55 A 59 AÑOS;Hombre;06;
2019S017986;16/03/2019;1:20;CALL. LUIS DE GONGORA / CALL. GRAVINA;-;CENTRO;Caída;Despejado;Bicicleta;Conductor;DE 55 A 59 AÑOS;Hombre;07;
2019S016402;17/03/2019;20:40;PASEO. LA HABANA;39;CHAMARTÍN;Caída;Despejado;Bicicleta;Conductor;DE 25 A 29 AÑOS;Mujer;06;
2019S018901;17/03/2019;12:00;AVDA. MANZANARES;196;USERA;Atropello a persona;Despejado;Bicicleta;Conductor;DE 55 A 59 AÑOS;Hombre;07;
2019S018901;17/03/2019;12:00;AVDA. MANZANARES;196;USERA;Atropello a persona;Despejado;Bicicleta;Peatón;DE 6 A 9 AÑOS;Hombre;07;
2019S017808;17/03/2019;11:50;PQUE. MADRID RIO, +00700E;-;USERA;Atropello a persona;Despejado;Bicicleta;Conductor;DE 55 A 59 AÑOS;Hombre;07;
2019S017808;17/03/2019;11:50;PQUE. MADRID RIO, +00700E;-;USERA;Atropello a persona;Despejado;Bicicleta;Peatón;DE 6 A 9 AÑOS;Hombre;07;
2019S016322;17/03/2019;10:05;CALL. SUECIA / AVDA. CANILLEJAS A VICALVARO;-;SAN BLAS-CANILLEJAS;Caída;Despejado;Bicicleta;Conductor;DE 15 A 17 AÑOS;Hombre;07;
2019S016482;18/03/2019;14:25;CALL. SAN BERNARDO;43;CENTRO;Colisión lateral;Despejado;Bicicleta;Conductor;DE 25 A 29 AÑOS;Hombre;07;
2019S016359;18/03/2019;0:00;CUSTA. SAN VICENTE / CALL. BAILEN;-;CENTRO;Caída;Despejado;Bicicleta;Conductor;DE 25 A 29 AÑOS;Hombre;03;
2019S017168;19/03/2019;8:15;PLAZA. LEALTAD / PASEO. PRADO;-;FUENCARRAL-EL PARDO;Colisión fronto-lateral;Despejado;Bicicleta;Conductor;DE 40 A 44 AÑOS;Hombre;07;
2019S016675;20/03/2019;18:15;CALL. SANTA CRUZ DE RETAMAR / AVDA. MIGUEL HERNANDEZ;-;PUENTE DE VALLECAS;Caída;Despejado;Bicicleta;Conductor;DE 25 A 29 AÑOS;Mujer;07;
2019S017217;20/03/2019;16:30;CALLE ALACALA - PASEO DEL PRADO;-;CENTRO;Caída;Despejado;Bicicleta;Conductor;DE 30 A 34 AÑOS;Mujer;07;
2019S016679;20/03/2019;15:32;AVDA. ENSANCHE DE VALLECAS / AVDA. LA GAVIA;-;VILLA DE VALLECAS;Otro;Despejado;Bicicleta;Conductor;DE 45 A 49 AÑOS;Hombre;07;
2019S016549;20/03/2019;10:30;PASEO. ERMITA DEL SANTO / GTA. PUENTE DE SEGOVIA;-;CHAMARTÍN;Atropello a persona;Despejado;Bicicleta;Conductor;DE 35 A 39 AÑOS;Hombre;14;
2019S016549;20/03/2019;10:30;PASEO. ERMITA DEL SANTO / GTA. PUENTE DE SEGOVIA;-;CHAMARTÍN;Atropello a persona;Despejado;Bicicleta;Peatón;MAYOR DE 74 AÑOS;Mujer;07;
2019S017107;22/03/2019;16:30;CALL. JOSE SILVA;2;CIUDAD LINEAL;Colisión fronto-lateral;Despejado;Bicicleta;Conductor;DE 25 A 29 AÑOS;Hombre;14;
2019S016753;22/03/2019;14:20;CALL. HULLA / AVDA. LOS ROSALES;-;VILLAVERDE;Caída;Despejado;Bicicleta;Conductor;DE 25 A 29 AÑOS;Hombre;03;
2019S016752;22/03/2019;14:15;CALL. ATOCHA;109;CENTRO;Atropello a persona;Despejado;Bicicleta;Conductor;DE 35 A 39 AÑOS;Mujer;14;
2019S016752;22/03/2019;14:15;CALL. ATOCHA;109;CENTRO;Atropello a persona;Despejado;Bicicleta;Peatón;DE 65 A 69 AÑOS;Mujer;02;
2019S016975;22/03/2019;14:10;PASEO. LA HABANA / CALL. SANTIAGO BERNABEU;-;CHAMARTÍN;Colisión fronto-lateral;Despejado;Bicicleta;Conductor;DE 50 A 54 AÑOS;Hombre;07;
2019S016943;23/03/2019;12:00;GTA. MARQUES DE VADILLO / PNTE. TOLEDO;-;CARABANCHEL;Caída;Despejado;Bicicleta;Conductor;DE 45 A 49 AÑOS;Hombre;06;
2019S017125;24/03/2019;21:45;CALL. HORTALEZA;100;CENTRO;Alcance;;Bicicleta;Conductor;DE 25 A 29 AÑOS;Hombre;;
2019S017125;24/03/2019;21:45;CALL. HORTALEZA;100;CENTRO;Alcance;;Bicicleta;Conductor;DE 25 A 29 AÑOS;Mujer;;
2019S017287;24/03/2019;12:30;CALL. RETAMA / CALL. ACANTO;-;ARGANZUELA;Colisión fronto-lateral;Despejado;Bicicleta;Conductor;DE 35 A 39 AÑOS;Mujer;07;
2019S016996;24/03/2019;2:00;CALL. BRAVO MURILLO;120;TETUÁN;Caída;Despejado;Bicicleta;Conductor;DE 25 A 29 AÑOS;Hombre;14;
2019S017942;25/03/2019;22:45;CALL. HORTALEZA;18;CENTRO;Atropello a persona;Despejado;Bicicleta;Conductor;DE 21 A 24 AÑOS;Hombre;02;
2019S017942;25/03/2019;22:45;CALL. HORTALEZA;18;CENTRO;Atropello a persona;Despejado;Bicicleta;Peatón;DE 40 A 44 AÑOS;Mujer;02;
2019S017198;25/03/2019;12:00;CALL. PORTOMARIN;11;FUENCARRAL-EL PARDO;Caída;Despejado;Bicicleta;Conductor;DE 15 A 17 AÑOS;Hombre;05;
2019S017304;26/03/2019;19:10;CALL. JOAQUIN COSTA, FRENTE Nº 6;-;CHAMARTÍN;Otro;Despejado;Bicicleta;Conductor;DE 45 A 49 AÑOS;Hombre;07;
2019S017391;26/03/2019;18:55;CALL. MANCHA;4;PUENTE DE VALLECAS;Colisión lateral;Despejado;Bicicleta;Conductor;DE 45 A 49 AÑOS;Hombre;07;
2019S017272;26/03/2019;13:20;PLAZA. CIBELES / CALL. ALCALA;-;SALAMANCA;Caída;Despejado;Bicicleta;Conductor;DE 35 A 39 AÑOS;Hombre;07;
2019S017367;27/03/2019;22:25;PLAZA. EMPERADOR CARLOS V / CALL. SANTA ISABEL;-;CENTRO;Caída;Despejado;Bicicleta;Conductor;DE 25 A 29 AÑOS;Hombre;01;
2019S017434;27/03/2019;13:10;CALL. ARROYO FONTARRON;483;MORATALAZ;Caída;Despejado;Bicicleta;Conductor;DE 35 A 39 AÑOS;Hombre;07;
2019S017393;28/03/2019;14:45;AVDA. GRAN VIA DE SAN FRANCISCO;4;CENTRO;Alcance;Despejado;Bicicleta;Conductor;DE 40 A 44 AÑOS;Hombre;07;
2019S017448;28/03/2019;10:55;CALL. FERNANDEZ DE LOS RIOS;33;CHAMBERÍ;Caída;Despejado;Bicicleta;Conductor;DE 40 A 44 AÑOS;Hombre;07;
2019S017589;29/03/2019;20:50;AVDA. RAFAELA YBARRA;73;USERA;Colisión lateral;;Bicicleta;Conductor;DE 50 A 54 AÑOS;Hombre;;
2019S017586;29/03/2019;17:50;AVDA. MIRAFLORES;48;MONCLOA-ARAVACA;Alcance;Despejado;Bicicleta;Conductor;DE 50 A 54 AÑOS;Hombre;02;
2019S017501;29/03/2019;17:15;CALL. ORENSE;15;TETUÁN;Colisión lateral;Despejado;Bicicleta;Conductor;DE 35 A 39 AÑOS;Hombre;07;
2019S017608;30/03/2019;19:50;AVDA. SECUNDINO ZUAZO / CALL. CESAR CORT BOTI;-;HORTALEZA;Colisión fronto-lateral;Despejado;Bicicleta;Conductor;DE 55 A 59 AÑOS;Hombre;03;
2019S017644;30/03/2019;13:35;CALL. JUAN DUQUE / CALL. MORENO NIETO;-;ARGANZUELA;Colisión lateral;Despejado;Bicicleta;Conductor;DE 70 A 74 AÑOS;Hombre;07;
2019S017566;30/03/2019;10:15;GTA. ERMITA DE LA VIRGEN DE LA SOLEDAD;0;BARAJAS;Alcance;Despejado;Bicicleta;Conductor;DE 45 A 49 AÑOS;Hombre;02;
2019S018985;30/03/2019;9:20;AVDA. MIGUEL HERNANDEZ / CALL. LEON FELIPE;-;PUENTE DE VALLECAS;Colisión fronto-lateral;Despejado;Bicicleta;Conductor;DE 35 A 39 AÑOS;Hombre;06;
2019S017718;31/03/2019;12:15;PASEO. CASTELLANA;16;SALAMANCA;Caída;Lluvia débil;Bicicleta;Conductor;DE 15 A 17 AÑOS;Hombre;07;
2019S018907;01/04/2019;22:44;PASEO. DELICIAS;32;ARGANZUELA;Alcance;Despejado;Bicicleta;Conductor;DE 25 A 29 AÑOS;Hombre;;
2019S017848;01/04/2019;18:00;JUNTO A HUERTA DE LA PARTIDA;-;MONCLOA-ARAVACA;Colisión frontal;Despejado;Bicicleta;Conductor;DE 50 A 54 AÑOS;Hombre;14;
2019S017836;01/04/2019;16:03;RONDA. TOLEDO;10;ARGANZUELA;Caída;Despejado;Bicicleta;Conductor;DE 40 A 44 AÑOS;Hombre;01;
2019S017764;01/04/2019;15:23;CALL. ALCALA;91;SALAMANCA;Alcance;Despejado;Bicicleta;Conductor;DE 21 A 24 AÑOS;Hombre;07;
2019S017873;02/04/2019;13:50;AUTOV. M-607, +01500S;-;FUENCARRAL-EL PARDO;Colisión frontal;Nublado;Bicicleta;Conductor;DE 21 A 24 AÑOS;Hombre;06;
2019S017873;02/04/2019;13:50;AUTOV. M-607, +01500S;-;FUENCARRAL-EL PARDO;Colisión frontal;Nublado;Bicicleta;Conductor;DE 45 A 49 AÑOS;Hombre;06;
2019S018185;03/04/2019;16:44;IDB. PARQUE LINEAL DEL MANZANARES;0;PUENTE DE VALLECAS;Caída;Despejado;Bicicleta;Conductor;DE 40 A 44 AÑOS;Hombre;02;
2019S017988;03/04/2019;14:40;AVDA. DOCTOR GARCIA TAPIA; 157A;MORATALAZ;Alcance;Despejado;Bicicleta;Conductor;DE 60 A 64 AÑOS;Hombre;;
2019S018020;04/04/2019;21:40;CALL. GRAN VIA / METRO. PLAZA DE ESPAÑA;-;CENTRO;Alcance;;Bicicleta;Conductor;DE 25 A 29 AÑOS;Hombre;;
2019S018298;05/04/2019;10:30;CALL. ARRIAGA / CALL. FERNANDO GABRIEL;-;CIUDAD LINEAL;Colisión lateral;Lluvia débil;Bicicleta;Conductor;DE 35 A 39 AÑOS;Mujer;02;
2019S018249;06/04/2019;21:25;CALL. MIGUEL ARREDONDO / CALL. ALONSO CARBONELL;-;ARGANZUELA;Colisión fronto-lateral;Lluvia débil;Bicicleta;Conductor;DE 25 A 29 AÑOS;Hombre;01;
2019S018366;06/04/2019;20:15;CALL. VICTORIA;4;CENTRO;Caída;Lluvia débil;Bicicleta;Conductor;DE 25 A 29 AÑOS;Mujer;02;
2019S018235;07/04/2019;9:48;CALL. HORTALEZA;17;CENTRO;Choque contra obstáculo fijo;Despejado;Bicicleta;Conductor;DE 18 A 20 AÑOS;Hombre;07;
2019S018345;08/04/2019;15:15;CALL. DOBLA / AVDA. POBLADOS;-;CARABANCHEL;Colisión lateral;Despejado;Bicicleta;Conductor;DE 15 A 17 AÑOS;Hombre;07;
2019S018545;08/04/2019;12:20;AVDA. MANZANARES;200;USERA;Atropello a persona;Nublado;Bicicleta;Conductor;DE 60 A 64 AÑOS;Hombre;07;
2019S018545;08/04/2019;12:20;AVDA. MANZANARES;200;USERA;Atropello a persona;Nublado;Bicicleta;Peatón;DE 0 A 5 AÑOS;Hombre;07;
2019S018498;08/04/2019;10:55;CALL. DOLORES BARRANCO / CALL. JUSTA GARCIA;-;USERA;Colisión fronto-lateral;Lluvia débil;Bicicleta;Conductor;DE 10 A 14 AÑOS;Hombre;07;
2019S018787;08/04/2019;8:55;CALL. EXPLANADA / CALL. PEDRO JUSTO DORADO DELLMANS;-;MONCLOA-ARAVACA;Alcance;Lluvia débil;Bicicleta;Conductor;DE 35 A 39 AÑOS;Hombre;07;
2019S018461;09/04/2019;13:05;PASEO. RECOLETOS / CALL. GENOVA;-;CENTRO;Otro;Nublado;Bicicleta;Conductor;DE 30 A 34 AÑOS;Hombre;07;
2019S018517;10/04/2019;17:20;CALL. ALCALA;42;CENTRO;Caída;Despejado;Bicicleta;Conductor;DE 45 A 49 AÑOS;Mujer;02;
2019S018494;10/04/2019;8:35;PASEO. FERNAN NUÑEZ;1;RETIRO;Atropello a persona;Despejado;Bicicleta;Conductor;DE 65 A 69 AÑOS;Hombre;14;
2019S018494;10/04/2019;8:35;PASEO. FERNAN NUÑEZ;1;RETIRO;Atropello a persona;Despejado;Bicicleta;Peatón;DE 70 A 74 AÑOS;Mujer;07;
2019S018483;10/04/2019;8:00;AVENIDA CANILLEJAS A VICÁLVARO CON GLORIETA M-40;-;SAN BLAS-CANILLEJAS;Colisión fronto-lateral;Despejado;Bicicleta;Conductor;DE 45 A 49 AÑOS;Hombre;06;
2019S018656;11/04/2019;16:00;CALL. LUCHANA;34;CHAMBERÍ;Caída;Despejado;Bicicleta;Conductor;DE 15 A 17 AÑOS;Hombre;06;
2019S018552;11/04/2019;9:00;CALL. SAN GERMAN / CALL. POETA JOAN MARAGALL;-;TETUÁN;Colisión lateral;Despejado;Bicicleta;Conductor;DE 30 A 34 AÑOS;Hombre;01;
2019S019332;12/04/2019;18:30;PASEO. EXTREMADURA;153;LATINA;Caída;Despejado;Bicicleta;Conductor;DE 50 A 54 AÑOS;Hombre;07;
2019S018655;12/04/2019;14:15;CALL. BARCO;32;CENTRO;Caída;Despejado;Bicicleta;Conductor;DE 25 A 29 AÑOS;Hombre;02;
2019S018655;12/04/2019;14:15;CALL. BARCO;32;CENTRO;Caída;Despejado;Bicicleta;Peatón;DESCONOCIDA;Hombre;14;
2019S018648;12/04/2019;12:10;CALL. POETA JOAN MARAGALL / CALL. SOR ANGELA DE LA CRUZ;-;TETUÁN;Colisión fronto-lateral;Despejado;Bicicleta;Conductor;DE 30 A 34 AÑOS;Hombre;07;
2019S018960;14/04/2019;16:45;CALL. MESON DE PAREDES / RONDA. VALENCIA;-;CENTRO;Alcance;Despejado;Bicicleta;Conductor;DE 30 A 34 AÑOS;Hombre;07;
2019S018950;16/04/2019;18:35;CALL. CLAUDIO MOYANO / PASEO. PRADO;-;RETIRO;Caída;Despejado;Bicicleta;Conductor;DE 25 A 29 AÑOS;Mujer;02;
2019S018902;16/04/2019;8:30;CALL. SANTA ISABEL;50;CENTRO;Caída;Despejado;Bicicleta;Conductor;DE 30 A 34 AÑOS;Mujer;05;
2019S019124;17/04/2019;19:00;CALL. DOCTOR TOLOSA LATOUR;21;USERA;Colisión lateral;Despejado;Bicicleta;Conductor;DE 65 A 69 AÑOS;Mujer;06;
2019S019254;20/04/2019;21:00;CALL. GILENA;14;VILLAVERDE;Caída;Lluvia débil;Bicicleta;Conductor;DE 18 A 20 AÑOS;Hombre;01;
2019S019257;20/04/2019;21:00;CALL. SANTA ENGRACIA;76;CHAMBERÍ;Colisión fronto-lateral;Despejado;Bicicleta;Conductor;DE 30 A 34 AÑOS;Hombre;07;
2019S019263;21/04/2019;17:05;PQUE. JUAN CARLOS I;1;BARAJAS;Atropello a animal;Nublado;Bicicleta;Conductor;DE 60 A 64 AÑOS;Hombre;02;
2019S019405;22/04/2019;18:40;AVDA. LAS FUERZAS ARMADAS;118;HORTALEZA;Caída;Despejado;Bicicleta;Conductor;DE 10 A 14 AÑOS;Mujer;07;
2019S019391;23/04/2019;16:35;CUSTA. SANTO DOMINGO / CALL. FOMENTO;-;CENTRO;Caída;Despejado;Bicicleta;Conductor;DE 40 A 44 AÑOS;Hombre;07;
2019S019554;24/04/2019;16:00;CALL. ARROYO BELINCOSO;24;MORATALAZ;Otro;LLuvia intensa;Bicicleta;Conductor;DE 25 A 29 AÑOS;Mujer;07;
2019S019536;24/04/2019;9:30;CALL. GOBELAS / CALL. GUECHO;-;MONCLOA-ARAVACA;Colisión fronto-lateral;Lluvia débil;Bicicleta;Conductor;DE 55 A 59 AÑOS;Hombre;02;
2019S019779;27/04/2019;20:15;MADRID;-;CENTRO;Colisión fronto-lateral;Despejado;Bicicleta;Conductor;DE 21 A 24 AÑOS;Hombre;07;
2019S019885;27/04/2019;13:40;AVDA. RAFAELA YBARRA;137;VILLAVERDE;Alcance;;Bicicleta;Conductor;DE 55 A 59 AÑOS;Hombre;14;
2019S020144;27/04/2019;12:55;AVDA. COMUNIDADES / AVDA. DEMOCRACIA;-;VICÁLVARO;Colisión fronto-lateral;Despejado;Bicicleta;Conductor;DE 50 A 54 AÑOS;Hombre;07;
2019S019733;27/04/2019;10:40;CALL. JULIA GARCIA BOUTAN / CALL. SOFIA;-;SAN BLAS-CANILLEJAS;Colisión fronto-lateral;Despejado;Bicicleta;Conductor;DE 30 A 34 AÑOS;Hombre;02;
2019S019986;28/04/2019;17:15;CTRA. M-616, +00600S;-;FUENCARRAL-EL PARDO;Colisión lateral;Despejado;Bicicleta;Conductor;DE 30 A 34 AÑOS;Hombre;02;
2019S020003;29/04/2019;20:40;PLAZA. ALONSO MARTINEZ;7;CHAMBERÍ;Caída;Despejado;Bicicleta;Conductor;DE 25 A 29 AÑOS;Hombre;14;
2019S019899;29/04/2019;7:10;CALL. ALCALA / CALL. LOS URQUIZA;-;CIUDAD LINEAL;Atropello a persona;Despejado;Bicicleta;Conductor;DE 45 A 49 AÑOS;Hombre;14;
2019S019899;29/04/2019;7:10;CALL. ALCALA / CALL. LOS URQUIZA;-;CIUDAD LINEAL;Atropello a persona;Despejado;Bicicleta;Peatón;DE 55 A 59 AÑOS;Mujer;02;
2019S020247;02/05/2019;9:39;BULEV. JOSE PRAT / CALL. HACIENDA DE PAVONES;-;VICÁLVARO;Atropello a persona;Despejado;Bicicleta;Conductor;DE 55 A 59 AÑOS;Hombre;14;
2019S020247;02/05/2019;9:39;BULEV. JOSE PRAT / CALL. HACIENDA DE PAVONES;-;VICÁLVARO;Atropello a persona;Despejado;Bicicleta;Peatón;DE 55 A 59 AÑOS;Mujer;02;
2019S020462;03/05/2019;22:20;CALL. SANTA CATALINA / CRA. SAN JERONIMO;-;CENTRO;Caída;Despejado;Bicicleta;Conductor;DE 25 A 29 AÑOS;Hombre;01;
2019S020351;04/05/2019;21:15;CALL. CEA BERMUDEZ / CALL. BRAVO MURILLO;-;CHAMBERÍ;Alcance;Despejado;Bicicleta;Conductor;DE 21 A 24 AÑOS;Mujer;06;
2019S020422;05/05/2019;21:00;PASEO. ESPERANZA;15;ARGANZUELA;Caída;Despejado;Bicicleta;Conductor;DE 18 A 20 AÑOS;Hombre;01;
2019S020574;05/05/2019;14:49;CALL. SESEÑA; 46A;LATINA;Atropello a persona;Despejado;Bicicleta;Conductor;DE 45 A 49 AÑOS;Hombre;07;
2019S020574;05/05/2019;14:49;CALL. SESEÑA; 46A;LATINA;Atropello a persona;Despejado;Bicicleta;Peatón;DE 65 A 69 AÑOS;Hombre;07;
2019S020466;06/05/2019;18:32;AVDA. MENENDEZ PELAYO;65;RETIRO;Colisión lateral;Despejado;Bicicleta;Conductor;DE 40 A 44 AÑOS;Hombre;07;
2019S020459;06/05/2019;7:40;CALL. ALCALA;346;CIUDAD LINEAL;Alcance;Despejado;Bicicleta;Conductor;DE 50 A 54 AÑOS;Hombre;02;
2019S020599;06/05/2019;5:05;CALL. ALCALA / CALL. VELAZQUEZ;-;SALAMANCA;Alcance;Despejado;Bicicleta;Conductor;DE 35 A 39 AÑOS;Hombre;07;
2019S020579;07/05/2019;15:10;CALL. ALCALA;142;SALAMANCA;Alcance;Despejado;Bicicleta;Conductor;DE 15 A 17 AÑOS;Hombre;14;
2019S020526;07/05/2019;13:30;CALL. SANTA ENGRACIA / CALL. MANUEL GONZALEZ LONGORIA;-;CHAMBERÍ;Colisión fronto-lateral;Despejado;Bicicleta;Conductor;DE 30 A 34 AÑOS;Mujer;07;
2019S020547;07/05/2019;11:35;CALL. ALCALA / PALAC. CIBELES;-;RETIRO;Colisión fronto-lateral;Despejado;Bicicleta;Conductor;DE 50 A 54 AÑOS;Hombre;07;
2019S020756;10/05/2019;20:00;CALL. HERNANI;35;TETUÁN;Alcance;Despejado;Bicicleta;Conductor;DE 30 A 34 AÑOS;Hombre;07;
2019S020733;10/05/2019;16:35;CALL. JUAN IGNACIO LUCA DE TENA;15;SAN BLAS-CANILLEJAS;Colisión fronto-lateral;Despejado;Bicicleta;Conductor;DE 18 A 20 AÑOS;Hombre;02;
2019S020821;10/05/2019;15:56;AVDA. POBLADOS;74;CARABANCHEL;Colisión fronto-lateral;Despejado;Bicicleta;Conductor;DE 45 A 49 AÑOS;Hombre;07;
2019S020721;10/05/2019;15:30;AVDA. ASTURIAS;56;TETUÁN;Caída;Despejado;Bicicleta;Conductor;DE 50 A 54 AÑOS;Hombre;02;
2019S021283;10/05/2019;11:40;MADRID RIO;-;CARABANCHEL;Alcance;Despejado;Bicicleta;Conductor;DE 65 A 69 AÑOS;Hombre;14;
2019S021283;10/05/2019;11:40;MADRID RIO;-;CARABANCHEL;Alcance;Despejado;Bicicleta;Conductor;DE 35 A 39 AÑOS;Mujer;07;
2019S021283;10/05/2019;11:40;MADRID RIO;-;CARABANCHEL;Alcance;Despejado;Bicicleta;Pasajero;DE 0 A 5 AÑOS;Hombre;14;
2019S020803;10/05/2019;9:50;CALL. ARROYO FONTARRON;393;MORATALAZ;Colisión fronto-lateral;;Bicicleta;Conductor;DE 55 A 59 AÑOS;Hombre;;
2019S020683;10/05/2019;1:20;CALL. ALCALA;44;CENTRO;Choque contra obstáculo fijo;Despejado;Bicicleta;Conductor;DE 50 A 54 AÑOS;Hombre;07;
2019S021095;11/05/2019;20:00;CALL. GABRIELA MISTRAL;20;FUENCARRAL-EL PARDO;Caída;Despejado;Bicicleta;Conductor;DE 50 A 54 AÑOS;Hombre;02;
2019S020921;11/05/2019;19:50;PASEO. PLATANOS / PASEO. PUERTA DEL ANGEL;-;MONCLOA-ARAVACA;Choque contra obstáculo fijo;Despejado;Bicicleta;Conductor;DE 65 A 69 AÑOS;Hombre;02;
2019S021189;11/05/2019;11:03;AVDA. CERRO MILANO;1;VILLA DE VALLECAS;Colisión lateral;Se desconoce;Bicicleta;Conductor;DE 50 A 54 AÑOS;Hombre;01;
2019S021189;11/05/2019;11:03;AVDA. CERRO MILANO;1;VILLA DE VALLECAS;Colisión lateral;Se desconoce;Bicicleta;Conductor;DE 45 A 49 AÑOS;Hombre;14;
2019S020923;12/05/2019;20:30;CALL. MARQUES DE VIANA;38;TETUÁN;Colisión lateral;Despejado;Bicicleta;Conductor;DE 15 A 17 AÑOS;Hombre;07;
2019S020923;12/05/2019;20:30;CALL. MARQUES DE VIANA;38;TETUÁN;Colisión lateral;Despejado;Bicicleta;Conductor;DE 15 A 17 AÑOS;Hombre;14;
2019S021387;13/05/2019;23:18;CALL. GOYA / CALL. ALCALA;-;SALAMANCA;Colisión lateral;Despejado;Bicicleta;Conductor;DE 25 A 29 AÑOS;Mujer;;
2019S021108;13/05/2019;15:15;CALL. HACIENDA DE PAVONES / CALL. LUIS DE HOYOS SAINZ;-;MORATALAZ;Alcance;Despejado;Bicicleta;Conductor;MAYOR DE 74 AÑOS;Hombre;01;
2019S020975;13/05/2019;13:05;PASEO. CASTELLANA / CALL. MARIA DE MOLINA;-;SALAMANCA;Colisión fronto-lateral;Despejado;Bicicleta;Conductor;DE 35 A 39 AÑOS;Hombre;07;
2019S021107;14/05/2019;17:45;AVDA. BADAJOZ / CALL. MADRE ANTONIA PARIS;-;CIUDAD LINEAL;Colisión fronto-lateral;Despejado;Bicicleta;Conductor;DE 10 A 14 AÑOS;Hombre;14;
2019S021079;14/05/2019;14:30;CALL. ISABEL LA CATOLICA;5;CENTRO;Caída;Despejado;Bicicleta;Conductor;DE 30 A 34 AÑOS;Hombre;07;
2019S021149;15/05/2019;14:30;CALL. ALCALA / CALL. RAQUEL MELLER;-;CIUDAD LINEAL;Colisión lateral;Despejado;Bicicleta;Conductor;DE 21 A 24 AÑOS;Hombre;07;
2019S021207;15/05/2019;14:05;CALL. PUERTO SERRANO / CALL. PUERTO DE LA CRUZ VERDE;-;ARGANZUELA;Colisión fronto-lateral;Despejado;Bicicleta;Conductor;DE 21 A 24 AÑOS;Hombre;14;
2019S021650;16/05/2019;23:10;AVDA. SAN DIEGO / CALL. MONTES UNIVERSALES;-;PUENTE DE VALLECAS;Colisión lateral;Despejado;Bicicleta;Conductor;DE 35 A 39 AÑOS;Hombre;01;
2019S021302;16/05/2019;22:20;CALL. SEBASTIAN HERRERA;15;ARGANZUELA;Caída;Despejado;Bicicleta;Conductor;DE 45 A 49 AÑOS;Hombre;07;
2019S021258;16/05/2019;19:40;CALL. BARCELO;6;CENTRO;Caída;Despejado;Bicicleta;Conductor;DE 21 A 24 AÑOS;Hombre;05;
2019S021343;16/05/2019;16:25;PASEO. PRADO;4;CENTRO;Caída;Despejado;Bicicleta;Conductor;DE 50 A 54 AÑOS;Hombre;07;
2019S021280;16/05/2019;8:05;CTRA. ESTACION DE HORTALEZA / AUTOV. M-11;-;HORTALEZA;Colisión fronto-lateral;Despejado;Bicicleta;Conductor;DE 35 A 39 AÑOS;Hombre;02;
2019S021200;16/05/2019;1:00;PASEO. ACACIAS; 25A;ARGANZUELA;Alcance;Despejado;Bicicleta;Conductor;DE 35 A 39 AÑOS;Mujer;05;
2019S021377;17/05/2019;22:52;CALL. JOSE ABASCAL;5;CHAMBERÍ;Alcance;Despejado;Bicicleta;Conductor;DE 21 A 24 AÑOS;Mujer;;
2019S021429;18/05/2019;17:55;PQUE. JUAN CARLOS I;1;BARAJAS;Caída;Despejado;Bicicleta;Conductor;DE 35 A 39 AÑOS;Mujer;02;
2019S021497;18/05/2019;17:41;PASEO. PINTOR ROSALES / PASEO. MORET;-;MONCLOA-ARAVACA;Atropello a persona;Despejado;Bicicleta;Conductor;DE 25 A 29 AÑOS;Hombre;14;
2019S021497;18/05/2019;17:41;PASEO. PINTOR ROSALES / PASEO. MORET;-;MONCLOA-ARAVACA;Atropello a persona;Despejado;Bicicleta;Peatón;DE 40 A 44 AÑOS;Mujer;06;
2019S021497;18/05/2019;17:41;PASEO. PINTOR ROSALES / PASEO. MORET;-;MONCLOA-ARAVACA;Atropello a persona;Despejado;Bicicleta;Peatón;DE 10 A 14 AÑOS;Mujer;06;
2019S022216;19/05/2019;20:31;CALL. MAYOR;1;CENTRO;Atropello a persona;Despejado;Bicicleta;Conductor;DE 21 A 24 AÑOS;Hombre;14;
2019S022216;19/05/2019;20:31;CALL. MAYOR;1;CENTRO;Atropello a persona;Despejado;Bicicleta;Peatón;DE 21 A 24 AÑOS;Mujer;07;
2019S021964;19/05/2019;17:45;CTRA. CIUDAD UNIVERSITARIA / PASEO. VENTA;-;MONCLOA-ARAVACA;Caída;Despejado;Bicicleta;Conductor;DE 25 A 29 AÑOS;Mujer;07;
2019S021486;19/05/2019;10:45;AVDA. LOGROÑO / AUTOV. M-40;-;BARAJAS;Colisión fronto-lateral;Despejado;Bicicleta;Conductor;DE 50 A 54 AÑOS;Hombre;14;
2019S021460;19/05/2019;4:15;CALL. BRAVO MURILLO;164;TETUÁN;Caída;Despejado;Bicicleta;Conductor;DE 30 A 34 AÑOS;Mujer;07;
2019S021607;20/05/2019;14:30;CALL. PALOMARES / CALL. JUAN PEÑALVER;-;VILLAVERDE;Atropello a persona;Despejado;Bicicleta;Conductor;DE 35 A 39 AÑOS;Hombre;14;
2019S021607;20/05/2019;14:30;CALL. PALOMARES / CALL. JUAN PEÑALVER;-;VILLAVERDE;Atropello a persona;Despejado;Bicicleta;Peatón;MAYOR DE 74 AÑOS;Hombre;05;
2019S021542;20/05/2019;8:55;CALL. ORENSE;27;TETUÁN;Caída;Despejado;Bicicleta;Conductor;DE 40 A 44 AÑOS;Mujer;06;
2019S021823;21/05/2019;21:08;CALL. RIBERA DE CURTIDORES / CALL. CARNERO;-;CENTRO;Caída;Despejado;Bicicleta;Conductor;DE 10 A 14 AÑOS;Hombre;02;
2019S021823;21/05/2019;21:08;CALL. RIBERA DE CURTIDORES / CALL. CARNERO;-;CENTRO;Caída;Despejado;Bicicleta;Pasajero;DE 10 A 14 AÑOS;Hombre;02;
2019S021951;21/05/2019;20:17;CALL. ISLA DE YESO;11;FUENCARRAL-EL PARDO;Caída;Despejado;Bicicleta;Conductor;DE 60 A 64 AÑOS;Hombre;02;
2019S021730;21/05/2019;19:00;PASEO. FERNAN NUÑEZ;2;RETIRO;Caída;Despejado;Bicicleta;Conductor;DE 30 A 34 AÑOS;Mujer;07;
2019S021808;21/05/2019;18:50;CALL. MALMOE;3;CIUDAD LINEAL;Colisión fronto-lateral;Despejado;Bicicleta;Conductor;DE 40 A 44 AÑOS;Hombre;07;
2019S021753;21/05/2019;1:45;CALL. BUSTOS / CALL. SIERRA DE LOS FILABRES;-;PUENTE DE VALLECAS;Caída;Despejado;Bicicleta;Conductor;DE 21 A 24 AÑOS;Hombre;01;
2019S021889;22/05/2019;20:40;PQUE. ENRIQUE TIERNO GALVAN;0;ARGANZUELA;Caída;Despejado;Bicicleta;Conductor;DE 45 A 49 AÑOS;Hombre;01;
2019S021882;22/05/2019;17:20;CALL. MESON DE PAREDES / CALL. TRIBULETE;-;CENTRO;Colisión lateral;Despejado;Bicicleta;Conductor;DE 40 A 44 AÑOS;Hombre;07;
2019S021787;22/05/2019;11:05;PASEO. MARCELINO CAMACHO / CALL. ANTOLINA MERINO;-;CARABANCHEL;Caída;Despejado;Bicicleta;Conductor;DE 18 A 20 AÑOS;Mujer;01;
2019S021744;22/05/2019;7:15;CALL. O'DONNELL;50;RETIRO;Colisión fronto-lateral;Despejado;Bicicleta;Conductor;DE 65 A 69 AÑOS;Hombre;03;
2019S021969;23/05/2019;21:08;CALL. VAZQUEZ DE MELLA;49;CIUDAD LINEAL;Caída;Despejado;Bicicleta;Conductor;DE 21 A 24 AÑOS;Hombre;02;
2019S021957;23/05/2019;19:20;CTRA. M-616, +00500S;-;FUENCARRAL-EL PARDO;Colisión frontal;Despejado;Bicicleta;Conductor;DE 45 A 49 AÑOS;Mujer;02;
2019S021957;23/05/2019;19:20;CTRA. M-616, +00500S;-;FUENCARRAL-EL PARDO;Colisión frontal;Despejado;Bicicleta;Conductor;DE 21 A 24 AÑOS;Hombre;14;
2019S021850;23/05/2019;8:55;CUESTA SANTO DOMINGO. 5;-;CENTRO;Caída;Despejado;Bicicleta;Conductor;DE 35 A 39 AÑOS;Hombre;;
2019S022010;24/05/2019;14:10;PLAZA. CASTILLA / PASEO. CASTELLANA;-;TETUÁN;Colisión fronto-lateral;Despejado;Bicicleta;Conductor;DE 45 A 49 AÑOS;Hombre;14;
2019S022057;25/05/2019;15:40;CALL. LIVERPOOL / CALL. MARIA SEVILLA DIAGO;-;SAN BLAS-CANILLEJAS;Caída;Despejado;Bicicleta;Conductor;DE 15 A 17 AÑOS;Mujer;07;
2019S022021;25/05/2019;8:30;PASEO. ACACIAS;1;ARGANZUELA;Alcance;Despejado;Bicicleta;Conductor;DE 25 A 29 AÑOS;Mujer;07;
2019S022023;25/05/2019;8:20;CALL. MESON DE PAREDES;75;CENTRO;Caída;Despejado;Bicicleta;Conductor;DE 35 A 39 AÑOS;Hombre;03;
2019S022178;26/05/2019;8:55;CALL. TOLEDO / CALL. CONCEPCION JERONIMA;-;CENTRO;Colisión fronto-lateral;Despejado;Bicicleta;Conductor;DE 45 A 49 AÑOS;Hombre;02;
2019S022102;26/05/2019;2:25;PLAZA. MANOLETE;7;TETUÁN;Colisión lateral;Despejado;Bicicleta;Conductor;DE 35 A 39 AÑOS;Hombre;;
2019S022289;27/05/2019;16:47;AVDA. VIRGEN DEL CARMEN;1;HORTALEZA;Atropello a persona;Despejado;Bicicleta;Conductor;DE 15 A 17 AÑOS;Hombre;14;
2019S022289;27/05/2019;16:47;AVDA. VIRGEN DEL CARMEN;1;HORTALEZA;Atropello a persona;Despejado;Bicicleta;Peatón;MAYOR DE 74 AÑOS;Mujer;07;
2019S022289;27/05/2019;16:47;AVDA. VIRGEN DEL CARMEN;1;HORTALEZA;Atropello a persona;Despejado;Bicicleta;Peatón;MAYOR DE 74 AÑOS;Mujer;07;
2019S023803;28/05/2019;21:00;AVDA. MONTE IGUELDO;98;PUENTE DE VALLECAS;Alcance;Despejado;Bicicleta;Conductor;DE 21 A 24 AÑOS;Hombre;07;
2019S022320;28/05/2019;19:13;AVDA. LOS ROSALES / CTRA. M-301;-;VILLAVERDE;Otro;Despejado;Bicicleta;Conductor;DE 50 A 54 AÑOS;Hombre;07;
2019S022327;28/05/2019;17:10;CALL. CONDE DE PEÑALVER;38;SALAMANCA;Alcance;Despejado;Bicicleta;Conductor;DE 45 A 49 AÑOS;Hombre;07;
2019S022279;28/05/2019;12:30;CALL. BAILEN;2;CENTRO;Atropello a persona;Despejado;Bicicleta;Conductor;DE 40 A 44 AÑOS;Mujer;14;
2019S022279;28/05/2019;12:30;CALL. BAILEN;2;CENTRO;Atropello a persona;Despejado;Bicicleta;Peatón;DE 70 A 74 AÑOS;Mujer;07;
2019S022358;28/05/2019;10:20;GTA. PUENTE DE SEGOVIA / PNTE. SEGOVIA;-;LATINA;Colisión frontal;Despejado;Bicicleta;Conductor;MAYOR DE 74 AÑOS;Hombre;07;
2019S022373;28/05/2019;9:45;CALL. SANTA ENGRACIA;123;CHAMBERÍ;Colisión fronto-lateral;Despejado;Bicicleta;Conductor;DE 25 A 29 AÑOS;Mujer;05;
2019S022484;29/05/2019;18:40;CALL. ATOCHA / CALL. SANTO TOMAS;-;CENTRO;Caída;Despejado;Bicicleta;Conductor;DE 55 A 59 AÑOS;Mujer;02;
2019S022599;29/05/2019;17:40;CALL. PRINCIPE DE VERGARA;29;SALAMANCA;Alcance;Despejado;Bicicleta;Conductor;DE 35 A 39 AÑOS;Hombre;07;
2019S022362;29/05/2019;9:45;PASEO. ACACIAS;63;ARGANZUELA;Alcance;Despejado;Bicicleta;Conductor;DE 40 A 44 AÑOS;Hombre;03;
2019S022613;29/05/2019;0:22;CALL. AYALA / CALL. VELAZQUEZ;-;SALAMANCA;Caída;Despejado;Bicicleta;Conductor;DE 40 A 44 AÑOS;Hombre;07;
2019S022605;31/05/2019;17:35;CALL. SANTA POLA;6;MONCLOA-ARAVACA;Alcance;Despejado;Bicicleta;Conductor;DE 60 A 64 AÑOS;Hombre;07;
2019S022584;31/05/2019;17:21;CALL. PEDRO DE VALDIVIA;12;CHAMARTÍN;Choque contra obstáculo fijo;Despejado;Bicicleta;Conductor;DE 21 A 24 AÑOS;Hombre;02;
2019S022596;31/05/2019;17:05;CALL. SANTA ENGRACIA;101;CHAMBERÍ;Atropello a persona;Despejado;Bicicleta;Conductor;DESCONOCIDA;;;
2019S022596;31/05/2019;17:05;CALL. SANTA ENGRACIA;101;CHAMBERÍ;Atropello a persona;Despejado;Bicicleta;Peatón;DE 60 A 64 AÑOS;Mujer;07;
2019S022707;01/06/2019;23:00;AVDA. ASTURIAS;54;TETUÁN;Caída;Despejado;Bicicleta;Conductor;DE 18 A 20 AÑOS;Hombre;06;
2019S022866;01/06/2019;13:30;CALL. FUENTE CARRANTONA / CALL. BENJAMIN PALENCIA;-;MORATALAZ;Colisión fronto-lateral;Despejado;Bicicleta;Conductor;DE 25 A 29 AÑOS;Hombre;01;
2019S022732;01/06/2019;13:00;PQUE. MADRID RIO, +00240E;-;LATINA;Caída;Despejado;Bicicleta;Conductor;DE 25 A 29 AÑOS;Mujer;07;
2019S022810;01/06/2019;12:55;SENDA CICLABLE-AV.ROSALES-CARRET.VILLAV. A VALLECA;-;VILLAVERDE;Atropello a persona;Despejado;Bicicleta;Conductor;DE 55 A 59 AÑOS;Hombre;07;
2019S022810;01/06/2019;12:55;SENDA CICLABLE-AV.ROSALES-CARRET.VILLAV. A VALLECA;-;VILLAVERDE;Atropello a persona;Despejado;Bicicleta;Peatón;DE 30 A 34 AÑOS;Mujer;07;
2019S022864;01/06/2019;7:55;CALL. JOSE MARIA PEREDA / CALL. SOR MARIA DE AGREDA;-;CIUDAD LINEAL;Colisión fronto-lateral;Granizando;Bicicleta;Conductor;DE 25 A 29 AÑOS;Hombre;07;
2019S022622;01/06/2019;2:55;AVDA. ASTURIAS / CALL. VIA LIMITE;-;TETUÁN;Colisión frontal;Despejado;Bicicleta;Conductor;DE 18 A 20 AÑOS;Hombre;;
2019S023041;02/06/2019;23:05;CALL. PICO DE LA MALICIOSA;10;PUENTE DE VALLECAS;Otro;Despejado;Bicicleta;Conductor;DE 21 A 24 AÑOS;Hombre;;
2019S023041;02/06/2019;23:05;CALL. PICO DE LA MALICIOSA;10;PUENTE DE VALLECAS;Otro;Despejado;Bicicleta;Peatón;DE 45 A 49 AÑOS;Mujer;;
2019S022833;02/06/2019;19:25;CALL. VIA;50;CARABANCHEL;Colisión fronto-lateral;Despejado;Bicicleta;Conductor;DE 10 A 14 AÑOS;Hombre;07;
2019S022753;02/06/2019;12:00;PLAZA SAN FRANCISCO S/N;-;CENTRO;Alcance;Despejado;Bicicleta;Conductor;DE 35 A 39 AÑOS;Hombre;07;
2019S022907;03/06/2019;19:25;PLAZA. CIBELES / CALL. ALCALA;-;CENTRO;Colisión lateral;Despejado;Bicicleta;Conductor;DE 25 A 29 AÑOS;Hombre;07;
2019S022923;03/06/2019;15:22;GTA. RUBEN DARIO;1;CHAMBERÍ;Atropello a persona;Despejado;Bicicleta;Conductor;DE 25 A 29 AÑOS;Hombre;14;
2019S022923;03/06/2019;15:22;GTA. RUBEN DARIO;1;CHAMBERÍ;Atropello a persona;Despejado;Bicicleta;Peatón;DE 30 A 34 AÑOS;Mujer;06;
2019S023001;04/06/2019;21:23;PASEO. ERMITA DEL SANTO;71;CARABANCHEL;Choque contra obstáculo fijo;Despejado;Bicicleta;Conductor;DE 15 A 17 AÑOS;Hombre;07;
2019S022944;04/06/2019;19:50;CALL. CASTILLO DE MADRIGAL DE LAS ALTAS TORRES;9;SAN BLAS-CANILLEJAS;Colisión lateral;Despejado;Bicicleta;Conductor;DE 6 A 9 AÑOS;Hombre;07;
2019S022870;04/06/2019;8:15;CALL. MONASTERIO DE SAMOS;18;FUENCARRAL-EL PARDO;Colisión fronto-lateral;Despejado;Bicicleta;Conductor;DE 10 A 14 AÑOS;Mujer;02;
2019S023033;05/06/2019;19:25;CALL. SERRANO;1;SALAMANCA;Caída;Despejado;Bicicleta;Conductor;DE 35 A 39 AÑOS;Hombre;02;
2019S023014;05/06/2019;15:21;PASEO. INFANTA ISABEL / AVDA. CIUDAD DE BARCELONA;-;RETIRO;Colisión múltiple;Despejado;Bicicleta;Conductor;DE 25 A 29 AÑOS;Mujer;02;
2019S023089;05/06/2019;15:15;CALL. GRAN VIA / CALL. ALCALA;-;CENTRO;Colisión lateral;Despejado;Bicicleta;Conductor;DE 21 A 24 AÑOS;Hombre;;
2019S022968;05/06/2019;7:50;CALLE JOAQUIN TURINA-CALLE SITIO DE EL ESCORIAL;-;CARABANCHEL;Atropello a persona;Despejado;Bicicleta;Conductor;DE 25 A 29 AÑOS;Hombre;14;
2019S022968;05/06/2019;7:50;CALLE JOAQUIN TURINA-CALLE SITIO DE EL ESCORIAL;-;CARABANCHEL;Atropello a persona;Despejado;Bicicleta;Peatón;DE 40 A 44 AÑOS;Mujer;07;
2019S023533;06/06/2019;20:45;AVDA. POBLADOS;41;LATINA;Caída;Despejado;Bicicleta;Conductor;DE 25 A 29 AÑOS;Hombre;02;
2019S023497;07/06/2019;20:05;CALL. JAVIER DE MIGUEL;113;PUENTE DE VALLECAS;Caída;Despejado;Bicicleta;Conductor;DE 18 A 20 AÑOS;Hombre;03;
2019S023273;07/06/2019;15:45;CALL. OCA / CALL. GENERAL RICARDOS;-;CARABANCHEL;Alcance;Despejado;Bicicleta;Conductor;DE 55 A 59 AÑOS;Hombre;07;
2019S023173;07/06/2019;12:45;AVDA. RAFAEL ALBERTI / CALL. EXTREMEÑOS;-;PUENTE DE VALLECAS;Caída;Despejado;Bicicleta;Conductor;DE 55 A 59 AÑOS;Hombre;01;
2019S023549;07/06/2019;8:15;CALL. PLEYADES;14;MONCLOA-ARAVACA;Colisión fronto-lateral;Despejado;Bicicleta;Conductor;DE 25 A 29 AÑOS;Mujer;06;
2019S023349;08/06/2019;21:55;CALL. SANTA MARIA LA REAL DE NIEVA;9;ARGANZUELA;Caída;Despejado;Bicicleta;Conductor;DE 15 A 17 AÑOS;Hombre;01;
2019S023355;08/06/2019;21:50;CALL. ALFONSO XII / CALL. CLAUDIO MOYANO;-;RETIRO;Caída;Despejado;Bicicleta;Conductor;DE 21 A 24 AÑOS;Hombre;07;
2019S023320;08/06/2019;14:20;CALL. ARROYO DEL MONTE / PLAZA. PRADERA DEL SALCERAL;-;FUENCARRAL-EL PARDO;Caída;Despejado;Bicicleta;Conductor;DE 65 A 69 AÑOS;Hombre;06;
2019S023412;09/06/2019;21:40;GTA. BILBAO / CALL. FUENCARRAL;-;CENTRO;Alcance;Despejado;Bicicleta;Conductor;DE 30 A 34 AÑOS;Hombre;07;
2019S023512;10/06/2019;21:42;AVDA. MIRAFLORES;54;MONCLOA-ARAVACA;Caída;Despejado;Bicicleta;Conductor;DE 25 A 29 AÑOS;Hombre;06;
2019S023517;10/06/2019;20:08;CALL. DOCTOR RAMON CASTROVIEJO;5;FUENCARRAL-EL PARDO;Colisión fronto-lateral;Despejado;Bicicleta;Conductor;DE 15 A 17 AÑOS;Hombre;02;
2019S023455;10/06/2019;9:45;CALL. SAN EPIFANIO;7;ARGANZUELA;Caída;Despejado;Bicicleta;Conductor;DE 65 A 69 AÑOS;Mujer;;
2019S023594;11/06/2019;19:55;CÑADA. REAL GALIANA;4;VILLA DE VALLECAS;Colisión fronto-lateral;Despejado;Bicicleta;Conductor;DE 10 A 14 AÑOS;Hombre;01;
2019S023601;11/06/2019;19:38;CALL. GENERAL LACY / CALL. ANCORA;-;ARGANZUELA;Colisión fronto-lateral;Despejado;Bicicleta;Conductor;DE 18 A 20 AÑOS;Hombre;01;
2019S023587;11/06/2019;15:07;CALL. MARQUESA DE TORRECILLA / CALL. MISTERIOS;-;CIUDAD LINEAL;Colisión frontal;Despejado;Bicicleta;Conductor;DE 40 A 44 AÑOS;Mujer;07;
2019S024318;12/06/2019;21:40;RONDA. SUR;129;PUENTE DE VALLECAS;Caída;Despejado;Bicicleta;Conductor;DE 25 A 29 AÑOS;Mujer;06;
2019S023694;12/06/2019;19:40;CALL. SANTA ENGRACIA;141;CHAMBERÍ;Colisión fronto-lateral;Despejado;Bicicleta;Conductor;DE 21 A 24 AÑOS;Hombre;;
2019S023692;12/06/2019;18:30;CALL. IRUN / CALL. CADARSO;-;MONCLOA-ARAVACA;Caída;Despejado;Bicicleta;Conductor;DE 65 A 69 AÑOS;Hombre;06;
2019S023844;13/06/2019;22:16;CALL. JORGE JUAN / CALL. FERNAN GONZALEZ;-;SALAMANCA;Colisión fronto-lateral;Despejado;Bicicleta;Conductor;DE 50 A 54 AÑOS;Hombre;07;
2019S023732;13/06/2019;21:35;CALL. JACOMETREZO;15;CENTRO;Atropello a persona;Despejado;Bicicleta;Conductor;DESCONOCIDA;;;
2019S023732;13/06/2019;21:35;CALL. JACOMETREZO;15;CENTRO;Atropello a persona;Despejado;Bicicleta;Peatón;DE 0 A 5 AÑOS;Mujer;02;
2019S024149;13/06/2019;20:38;AVDA. MONASTERIO DE SILOS;90;FUENCARRAL-EL PARDO;Caída;Despejado;Bicicleta;Conductor;DE 18 A 20 AÑOS;Hombre;02;
2019S023734;13/06/2019;20:35;GTA. SANTUARIO DE TISCAR;0;FUENCARRAL-EL PARDO;Choque contra obstáculo fijo;Despejado;Bicicleta;Conductor;DE 18 A 20 AÑOS;Hombre;02;
2019S023774;13/06/2019;10:50;CALL. MAQUEDA;66;LATINA;Otro;Despejado;Bicicleta;Conductor;DE 21 A 24 AÑOS;Hombre;07;
2019S023655;13/06/2019;9:20;PASEO. PRADO / CALL. ALCALA;-;RETIRO;Colisión fronto-lateral;Despejado;Bicicleta;Conductor;DE 35 A 39 AÑOS;Hombre;07;
2019S023943;14/06/2019;23:55;PASEO. VIRGEN DEL PUERTO;45;ARGANZUELA;Caída;Despejado;Bicicleta;Conductor;DE 25 A 29 AÑOS;Hombre;07;
2019S023993;14/06/2019;10:50;AUTOV. M-607, +01500E;-;FUENCARRAL-EL PARDO;Colisión lateral;Despejado;Bicicleta;Conductor;DE 15 A 17 AÑOS;Mujer;05;
2019S023993;14/06/2019;10:50;AUTOV. M-607, +01500E;-;FUENCARRAL-EL PARDO;Colisión lateral;Despejado;Bicicleta;Conductor;DE 15 A 17 AÑOS;Mujer;07;
2019S023766;14/06/2019;9:25;CALL. EMBAJADORES, 330  FRENTE ENTRADA CAJA MÁGIA;-;PUENTE DE VALLECAS;Colisión fronto-lateral;Despejado;Bicicleta;Conductor;DE 21 A 24 AÑOS;Hombre;02;
2019S023770;14/06/2019;8:50;PLAZA. ELIPTICA;1;USERA;Colisión lateral;Despejado;Bicicleta;Conductor;DE 30 A 34 AÑOS;Hombre;;
2019S023783;14/06/2019;0:15;GTA. RUIZ JIMENEZ / CALL. SAN BERNARDO;-;CHAMBERÍ;Colisión lateral;Despejado;Bicicleta;Conductor;DE 18 A 20 AÑOS;Hombre;01;
2019S023917;15/06/2019;16:40;PASEO. GENERAL MARTINEZ CAMPOS;53;CHAMBERÍ;Caída;Despejado;Bicicleta;Conductor;DE 35 A 39 AÑOS;Hombre;07;
2019S023869;15/06/2019;11:47;CALL. VILLAVICIOSA;36;LATINA;Caída;Despejado;Bicicleta;Conductor;DE 45 A 49 AÑOS;Mujer;01;
2019S023851;15/06/2019;3:55;CALL. RIOS ROSAS / CALL. PONZANO;-;CHAMBERÍ;Caída;Despejado;Bicicleta;Conductor;DE 30 A 34 AÑOS;Hombre;07;
2019S023979;16/06/2019;23:00;CALL. SEGOVIA / RONDA. SEGOVIA;-;CENTRO;Otro;Despejado;Bicicleta;Conductor;DE 21 A 24 AÑOS;Hombre;07;
2019S024340;17/06/2019;20:45;AVDA. BETANZOS;37;FUENCARRAL-EL PARDO;Alcance;Despejado;Bicicleta;Conductor;DE 21 A 24 AÑOS;Hombre;;
2019S024007;17/06/2019;10:40;CALL. BRAVO MURILLO;226;TETUÁN;Choque contra obstáculo fijo;Despejado;Bicicleta;Conductor;DE 30 A 34 AÑOS;Hombre;14;
2019S023995;17/06/2019;8:50;PLAZA. SAN JUAN DE LA CRUZ / PASEO. CASTELLANA;-;CHAMBERÍ;Caída;Despejado;Bicicleta;Conductor;DE 45 A 49 AÑOS;Hombre;06;
2019S024197;18/06/2019;12:30;PQUE. VALDEBERNARDO;0;VICÁLVARO;Caída;Despejado;Bicicleta;Conductor;DE 55 A 59 AÑOS;Hombre;02;
2019S024333;19/06/2019;14:25;AVDA. BETANZOS;22;FUENCARRAL-EL PARDO;Alcance;Despejado;Bicicleta;Conductor;DE 40 A 44 AÑOS;Hombre;07;
2019S024294;19/06/2019;10:30;AVDA. MONASTERIO DE EL ESCORIAL / AVDA. SANTUARIO DE VALVERDE;-;FUENCARRAL-EL PARDO;Choque contra obstáculo fijo;Despejado;Bicicleta;Conductor;DESCONOCIDA;;;
2019S024208;19/06/2019;0:14;CALL. EMBAJADORES / CALL. LABRADORES;-;ARGANZUELA;Colisión fronto-lateral;Despejado;Bicicleta;Conductor;DE 25 A 29 AÑOS;Hombre;14;
2019S024417;20/06/2019;17:27;CALL. SAN TELESFORO;13;CIUDAD LINEAL;Choque contra obstáculo fijo;Despejado;Bicicleta;Conductor;DESCONOCIDA;;;
2019S024426;21/06/2019;16:10;CALL. ELOY GONZALO / CALL. SANTISIMA TRINIDAD;-;CHAMBERÍ;Colisión lateral;Despejado;Bicicleta;Conductor;DE 21 A 24 AÑOS;Hombre;;
2019S024502;21/06/2019;13:05;PASEO. JUAN ANTONIO VALLEJO-NAJERA BOTAS;4;ARGANZUELA;Caída;Despejado;Bicicleta;Conductor;DE 40 A 44 AÑOS;Hombre;01;
2019S024502;21/06/2019;13:05;PASEO. JUAN ANTONIO VALLEJO-NAJERA BOTAS;4;ARGANZUELA;Caída;Despejado;Bicicleta;Peatón;DE 65 A 69 AÑOS;Mujer;14;
2019S024373;21/06/2019;0:40;PLAZA. EMPERADOR CARLOS V;8;CENTRO;Colisión fronto-lateral;Despejado;Bicicleta;Conductor;DE 45 A 49 AÑOS;Hombre;14;
2019S024530;22/06/2019;19:50;CALL. SERRANO;84;SALAMANCA;Caída;Despejado;Bicicleta;Conductor;DE 40 A 44 AÑOS;Mujer;07;
2019S024530;22/06/2019;19:50;CALL. SERRANO;84;SALAMANCA;Caída;Despejado;Bicicleta;Peatón;DE 35 A 39 AÑOS;Hombre;14;
2019S024666;22/06/2019;18:40;CALL. ALCALA;317;CIUDAD LINEAL;Caída;Despejado;Bicicleta;Conductor;DE 25 A 29 AÑOS;Hombre;01;
2019S024749;23/06/2019;20:15;AVDA. CORDOBA;21;USERA;Caída;Despejado;Bicicleta;Conductor;DE 30 A 34 AÑOS;Hombre;01;
2019S024613;23/06/2019;20:00;CALL. VIRGEN DE LA ALEGRIA;21;CIUDAD LINEAL;Alcance;Despejado;Bicicleta;Conductor;DE 30 A 34 AÑOS;Hombre;03;
2019S024612;23/06/2019;18:00;CALL. BRAVO MURILLO;246;TETUÁN;Colisión lateral;Despejado;Bicicleta;Conductor;DE 35 A 39 AÑOS;Hombre;05;
2019S024639;23/06/2019;9:15;PASEO. PONTONES / CALL. COBOS DE SEGOVIA;-;ARGANZUELA;Colisión fronto-lateral;Despejado;Bicicleta;Conductor;DE 55 A 59 AÑOS;Hombre;05;
2019S024575;23/06/2019;7:25;AVENIDA DE LA GAVIA-AVENIDA DEL MAYORAZGO;-;VILLA DE VALLECAS;Colisión fronto-lateral;Despejado;Bicicleta;Conductor;DE 30 A 34 AÑOS;Hombre;07;
2019S024691;24/06/2019;19:30;CALL. RAIMUNDO FERNANDEZ VILLAVERDE;54;CHAMBERÍ;Caída;Despejado;Bicicleta;Conductor;DE 35 A 39 AÑOS;Hombre;03;
2019S024720;25/06/2019;4:30;CALL. JOSE ABASCAL / CALL. FERNANDEZ DE LA HOZ;-;CHAMBERÍ;Colisión lateral;Despejado;Bicicleta;Conductor;DE 25 A 29 AÑOS;Hombre;07;
2019S024853;26/06/2019;19:40;PLAZA. INDEPENDENCIA;8;RETIRO;Alcance;Despejado;Bicicleta;Conductor;DE 21 A 24 AÑOS;Hombre;07;
2019S024842;26/06/2019;17:06;PASEO. INFANTA ISABEL;4;RETIRO;Colisión fronto-lateral;;Bicicleta;Conductor;DE 21 A 24 AÑOS;Hombre;14;
2019S024896;26/06/2019;16:20;CALL. CRISTOBAL BORDIU;39;CHAMBERÍ;Alcance;Despejado;Bicicleta;Conductor;DE 25 A 29 AÑOS;Mujer;07;
2019S025019;27/06/2019;20:15;CALL. TOMAS BRETON;2;ARGANZUELA;Colisión fronto-lateral;;Bicicleta;Conductor;DE 25 A 29 AÑOS;Mujer;;
2019S024946;27/06/2019;8:38;CALL. LEONOR LOPEZ DE CORDOBA / AUTOV. M-40;-;FUENCARRAL-EL PARDO;Colisión lateral;Despejado;Bicicleta;Conductor;DE 70 A 74 AÑOS;Hombre;07;
2019S025299;28/06/2019;23:00;CALL. MARCELO USERA;1;USERA;Atropello a persona;Despejado;Bicicleta;Conductor;DESCONOCIDA;;;
2019S025299;28/06/2019;23:00;CALL. MARCELO USERA;1;USERA;Atropello a persona;Despejado;Bicicleta;Peatón;MAYOR DE 74 AÑOS;Mujer;01;
2019S025095;28/06/2019;21:00;CALL. BRAVO MURILLO;231;TETUÁN;Alcance;Despejado;Bicicleta;Conductor;DE 40 A 44 AÑOS;Hombre;02;
2019S025093;28/06/2019;20:00;AVDA. MAYORAZGO / CALL. CINCOVILLAS;-;VILLA DE VALLECAS;Alcance;Despejado;Bicicleta;Conductor;DE 30 A 34 AÑOS;Hombre;07;
2019S025524;28/06/2019;13:37;CALL. RAFAEL BERGAMIN; 20A;CIUDAD LINEAL;Caída;Despejado;Bicicleta;Conductor;DE 21 A 24 AÑOS;Hombre;02;
2019S024986;28/06/2019;11:15;CALL. PUEBLA / CALL. BARCO;-;CENTRO;Colisión fronto-lateral;Despejado;Bicicleta;Conductor;DE 30 A 34 AÑOS;Mujer;02;
2019S024979;28/06/2019;11:00;CALL. SAN BERNARDO;83;CENTRO;Caída;Despejado;Bicicleta;Conductor;DE 45 A 49 AÑOS;Mujer;01;
2019S026512;29/06/2019;19:20;PQUE. MADRID RIO / GTA. PUENTE DE SEGOVIA;-;LATINA;Caída;Despejado;Bicicleta;Conductor;DE 35 A 39 AÑOS;Hombre;02;
2019S025170;29/06/2019;16:45;CALL. GENERAL RICARDOS;18;CARABANCHEL;Atropello a persona;Despejado;Bicicleta;Conductor;DE 18 A 20 AÑOS;Hombre;14;
2019S025170;29/06/2019;16:45;CALL. GENERAL RICARDOS;18;CARABANCHEL;Atropello a persona;Despejado;Bicicleta;Peatón;DE 35 A 39 AÑOS;Hombre;07;
2019S025119;29/06/2019;8:30;GTA. SANTUARIO DE TISCAR / AVDA. MONASTERIO DE EL ESCORIAL;-;FUENCARRAL-EL PARDO;Colisión frontal;Despejado;Bicicleta;Conductor;DE 35 A 39 AÑOS;Hombre;06;
2019S025119;29/06/2019;8:30;GTA. SANTUARIO DE TISCAR / AVDA. MONASTERIO DE EL ESCORIAL;-;FUENCARRAL-EL PARDO;Colisión frontal;Despejado;Bicicleta;Conductor;DE 35 A 39 AÑOS;Hombre;06;
2019S026421;30/06/2019;16:00;GTA. PUENTE DE SEGOVIA;1;LATINA;Alcance;Despejado;Bicicleta;Conductor;DE 21 A 24 AÑOS;Hombre;02;
2019S025143;30/06/2019;7:57;IDB. PARQUE LINEAL DEL MANZANARES;0;PUENTE DE VALLECAS;Colisión frontal;Despejado;Bicicleta;Conductor;DE 30 A 34 AÑOS;Hombre;07;
2019S025143;30/06/2019;7:57;IDB. PARQUE LINEAL DEL MANZANARES;0;PUENTE DE VALLECAS;Colisión frontal;Despejado;Bicicleta;Conductor;DE 50 A 54 AÑOS;Hombre;07;
2019S025226;01/07/2019;16:58;CALL. CONDE DE PEÑALVER / CALL. HERMOSILLA;-;SALAMANCA;Colisión lateral;Despejado;Bicicleta;Conductor;DE 40 A 44 AÑOS;Hombre;14;
2019S025311;01/07/2019;15:10;"AVDA. BURGOS, 89 (RECINTO ""ADEQUA"")";-;FUENCARRAL-EL PARDO;Caída;Despejado;Bicicleta;Conductor;DE 40 A 44 AÑOS;Hombre;06;
2019S025266;01/07/2019;14:00;CALL. DIEGO DE LEON / CALL. GENERAL PARDIÑAS;-;SALAMANCA;Caída;Despejado;Bicicleta;Conductor;DE 55 A 59 AÑOS;Hombre;02;
2019S025261;01/07/2019;13:45;CALL. PUERTO DE SOMPORT;8;FUENCARRAL-EL PARDO;Alcance;Despejado;Bicicleta;Conductor;DE 40 A 44 AÑOS;Hombre;07;
2019S025253;01/07/2019;13:25;MONASTERIO DE SILOS - GO FIT - FAROLA 268;-;FUENCARRAL-EL PARDO;Caída;Despejado;Bicicleta;Conductor;DE 10 A 14 AÑOS;Mujer;01;
2019S025193;01/07/2019;9:15;CALL. FUENCARRAL / GTA. BILBAO;-;CENTRO;Alcance;Despejado;Bicicleta;Conductor;DE 25 A 29 AÑOS;Hombre;07;
2019S025402;02/07/2019;20:30;CALL. MONASTERIO DE OSEIRA, 17B (ANILLO VERDE, 58);-;FUENCARRAL-EL PARDO;Caída;Despejado;Bicicleta;Conductor;DE 50 A 54 AÑOS;Hombre;02;
2019S025348;02/07/2019;9:20;CTRA. RODAJOS;2;MONCLOA-ARAVACA;Atropello a persona;Despejado;Bicicleta;Conductor;DE 30 A 34 AÑOS;Hombre;07;
2019S025348;02/07/2019;9:20;CTRA. RODAJOS;2;MONCLOA-ARAVACA;Atropello a persona;Despejado;Bicicleta;Peatón;DE 18 A 20 AÑOS;Hombre;14;
2019S025582;03/07/2019;21:55;AVDA. MARQUES DE CORBERA / CALL. POETA BLAS DE OTERO;-;CIUDAD LINEAL;Caída;Despejado;Bicicleta;Conductor;DE 50 A 54 AÑOS;Mujer;07;
2019S025364;03/07/2019;11:15;CALL. TORRECILLA DEL LEAL / CALL. OLMO;-;CENTRO;Colisión fronto-lateral;Despejado;Bicicleta;Conductor;DE 45 A 49 AÑOS;Hombre;07;
2019S025566;04/07/2019;22:45;AVDA. POBLADOS / AVDA. ORCASUR;-;USERA;Colisión fronto-lateral;Despejado;Bicicleta;Conductor;DE 15 A 17 AÑOS;Hombre;06;
2019S025555;04/07/2019;20:45;CALL. CLAUDIO COELLO;14;SALAMANCA;Colisión fronto-lateral;Despejado;Bicicleta;Conductor;DE 18 A 20 AÑOS;Hombre;06;
2019S025498;04/07/2019;19:40;CALL. BARCELO;5;CENTRO;Caída;Despejado;Bicicleta;Conductor;DE 40 A 44 AÑOS;Hombre;07;
2019S025463;04/07/2019;4:20;CALL. ALCALA;15;CENTRO;Otro;Despejado;Bicicleta;Conductor;DE 21 A 24 AÑOS;Hombre;14;
2019S025463;04/07/2019;4:20;CALL. ALCALA;15;CENTRO;Otro;Despejado;Bicicleta;Pasajero;DE 21 A 24 AÑOS;Mujer;06;
2019S025453;04/07/2019;1:20;CALL. CASINO / CALL. SANTIAGO EL VERDE;-;CENTRO;Colisión lateral;;Bicicleta;Conductor;DESCONOCIDA;;;
2019S025589;05/07/2019;20:56;CALL. PLAYA DE LA CALETA;13;BARAJAS;Caída;Despejado;Bicicleta;Conductor;DE 60 A 64 AÑOS;Hombre;14;
2019S025640;05/07/2019;19:35;CALL. MULLER / CALL. AZUCENAS;-;TETUÁN;Colisión fronto-lateral;Despejado;Bicicleta;Conductor;DE 21 A 24 AÑOS;Hombre;;
2019S025527;05/07/2019;9:30;PUERTA PRINCIPAL ZOO;-;MONCLOA-ARAVACA;Caída;Despejado;Bicicleta;Conductor;DE 30 A 34 AÑOS;Hombre;05;
2019S025927;05/07/2019;1:15;AVDA. MENENDEZ PELAYO / CALL. O'DONNELL;-;RETIRO;Alcance;Despejado;Bicicleta;Conductor;DE 21 A 24 AÑOS;Hombre;;
2019S025642;06/07/2019;16:10;CUSTA. SAN VICENTE;1;CENTRO;Atropello a persona;Despejado;Bicicleta;Conductor;DE 25 A 29 AÑOS;Mujer;14;
2019S025642;06/07/2019;16:10;CUSTA. SAN VICENTE;1;CENTRO;Atropello a persona;Despejado;Bicicleta;Peatón;DE 35 A 39 AÑOS;Mujer;07;
2019S025622;06/07/2019;9:20;CMNO. CRUCES / POLIG. ALUCHE-AVENIDA DE LOS POBLADOS;-;CARABANCHEL;Colisión fronto-lateral;Despejado;Bicicleta;Conductor;DE 65 A 69 AÑOS;Hombre;06;
2019S025619;06/07/2019;9:10;HORTALEZA;-;CENTRO;Caída;Despejado;Bicicleta;Conductor;DE 50 A 54 AÑOS;Hombre;01;
2019S025639;06/07/2019;3:20;CALL. JOSE ABASCAL;50;CHAMBERÍ;Caída;Despejado;Bicicleta;Conductor;DE 21 A 24 AÑOS;Hombre;07;
2019S025778;07/07/2019;19:45;CALL. BRETON DE LOS HERREROS / CALL. PONZANO;-;CHAMBERÍ;Caída;Despejado;Bicicleta;Conductor;DE 40 A 44 AÑOS;Hombre;07;
2019S025769;07/07/2019;19:30;CALL. CERRO DE LA PLATA;15;RETIRO;Choque contra obstáculo fijo;Despejado;Bicicleta;Conductor;DE 18 A 20 AÑOS;Hombre;02;
2019S025780;08/07/2019;16:30;PASEO. FERNAN NUÑEZ;2;RETIRO;Caída;Despejado;Bicicleta;Conductor;DE 40 A 44 AÑOS;Mujer;02;
2019S025815;08/07/2019;14:02;CALL. SEGOVIA;8;CENTRO;Colisión fronto-lateral;Despejado;Bicicleta;Conductor;DE 40 A 44 AÑOS;Hombre;;
2019S025762;08/07/2019;10:37;CALL. SERRANO / CALL. MARIA DE MOLINA;-;SALAMANCA;Colisión fronto-lateral;Despejado;Bicicleta;Conductor;DE 30 A 34 AÑOS;Mujer;07;
2019S025758;08/07/2019;7:55;AVDA. LOS ROSALES;200;VILLAVERDE;Colisión frontal;Despejado;Bicicleta;Conductor;DE 55 A 59 AÑOS;Hombre;02;
2019S025950;09/07/2019;15:25;CALL. RODRIGUEZ MARIN;66;CHAMARTÍN;Colisión frontal;Despejado;Bicicleta;Conductor;DE 30 A 34 AÑOS;Hombre;05;
2019S025841;09/07/2019;11:00;CALL. RAIMUNDO FERNANDEZ VILLAVERDE;67;TETUÁN;Alcance;Despejado;Bicicleta;Conductor;DE 25 A 29 AÑOS;Mujer;07;
2019S025968;10/07/2019;18:19;AVDA. CARTAGENA DE INDIAS / CALL. ISLAS VISAYAS;-;VILLA DE VALLECAS;Colisión fronto-lateral;Despejado;Bicicleta;Conductor;DE 45 A 49 AÑOS;Mujer;04;
2019S025926;10/07/2019;9:30;CRUCE C/ALCALA CON C/ TAMPICO;-;SAN BLAS-CANILLEJAS;Colisión lateral;Despejado;Bicicleta;Conductor;DE 30 A 34 AÑOS;Hombre;07;
2019S026089;11/07/2019;8:45;AV. ROSALES CON ROTONDA M-40;-;VILLAVERDE;Colisión lateral;Despejado;Bicicleta;Conductor;DE 25 A 29 AÑOS;Mujer;;
2019S026237;12/07/2019;13:45;CALL. RESINA;4;VILLAVERDE;Colisión fronto-lateral;Despejado;Bicicleta;Conductor;DE 18 A 20 AÑOS;Hombre;05;
2019S026332;13/07/2019;22:00;AVDA. MANZANARES / PQUE. MADRID RIO;-;CARABANCHEL;Atropello a persona;Despejado;Bicicleta;Conductor;DE 45 A 49 AÑOS;Hombre;14;
2019S026332;13/07/2019;22:00;AVDA. MANZANARES / PQUE. MADRID RIO;-;CARABANCHEL;Atropello a persona;Despejado;Bicicleta;Peatón;DE 0 A 5 AÑOS;Hombre;01;
2019S026198;13/07/2019;15:25;CALL. MONTESA / CALL. JOSE ORTEGA Y GASSET;-;SALAMANCA;Caída;Despejado;Bicicleta;Conductor;DE 25 A 29 AÑOS;Hombre;06;
2019S026280;14/07/2019;22:25;AVDA. ENTREVIAS / CALL. MENDEZ ALVARO;-;PUENTE DE VALLECAS;Colisión fronto-lateral;Despejado;Bicicleta;Conductor;DE 35 A 39 AÑOS;Hombre;07;
2019S026335;14/07/2019;15:35;CALL. GENERAL RICARDOS / CALL. NUESTRA SEÑORA DE LA LUZ;-;CARABANCHEL;Caída;Despejado;Bicicleta;Conductor;DE 10 A 14 AÑOS;Hombre;06;
2019S026315;14/07/2019;12:45;PASEO. FERNAN NUÑEZ;1;RETIRO;Atropello a persona;Despejado;Bicicleta;Conductor;DE 30 A 34 AÑOS;Mujer;07;
2019S026315;14/07/2019;12:45;PASEO. FERNAN NUÑEZ;1;RETIRO;Atropello a persona;Despejado;Bicicleta;Peatón;DE 15 A 17 AÑOS;Mujer;07;
2019S026301;14/07/2019;9:40;CALL. MARTINEZ DE LA RIVA / CALL. CACHERO;-;PUENTE DE VALLECAS;Alcance;Despejado;Bicicleta;Conductor;DE 30 A 34 AÑOS;Hombre;;
2019S026355;15/07/2019;18:50;CALL. O'DONNELL;18;RETIRO;Caída;Despejado;Bicicleta;Conductor;DE 30 A 34 AÑOS;Mujer;05;
2019S026337;15/07/2019;16:35;CALL. HERMANOS CARPI / AVDA. PEÑA PRIETA;-;PUENTE DE VALLECAS;Colisión fronto-lateral;Despejado;Bicicleta;Conductor;DE 50 A 54 AÑOS;Hombre;02;
2019S026510;16/07/2019;18:45;CALL. ARGANZUELA;16;CENTRO;Caída;Despejado;Bicicleta;Conductor;DE 25 A 29 AÑOS;Hombre;02;
2019S026571;17/07/2019;22:00;CALL. GRAN VIA / CALL. CLAVEL;-;CENTRO;Caída;Despejado;Bicicleta;Conductor;DE 25 A 29 AÑOS;Hombre;;
2019S027484;17/07/2019;20:10;PQUE. MADRID RIO, +00300E;-;LATINA;Atropello a persona;Despejado;Bicicleta;Conductor;DESCONOCIDA;;;
2019S027484;17/07/2019;20:10;PQUE. MADRID RIO, +00300E;-;LATINA;Atropello a persona;Despejado;Bicicleta;Peatón;DE 0 A 5 AÑOS;Hombre;07;
2019S026582;17/07/2019;18:45;PASEO. DELICIAS;59;ARGANZUELA;Alcance;Despejado;Bicicleta;Conductor;DE 35 A 39 AÑOS;Hombre;07;
2019S026471;17/07/2019;11:43;AVDA. ALBUFERA / CALL. JOSE PAULETE;-;PUENTE DE VALLECAS;Colisión lateral;Despejado;Bicicleta;Conductor;MAYOR DE 74 AÑOS;Hombre;07;
2019S026995;17/07/2019;10:00;PASEO. CASTELLANA;170;CHAMARTÍN;Colisión fronto-lateral;Despejado;Bicicleta;Conductor;DE 30 A 34 AÑOS;Mujer;;
2019S026665;18/07/2019;21:00;CALL. MARQUES DE URQUIJO / CALL. FERRAZ;-;MONCLOA-ARAVACA;Caída;Despejado;Bicicleta;Conductor;DE 25 A 29 AÑOS;Mujer;07;
2019S026663;18/07/2019;18:45;CUSTA. VEGA;3;CENTRO;Caída;Despejado;Bicicleta;Conductor;DE 55 A 59 AÑOS;Hombre;06;
2019S026666;18/07/2019;18:10;CALLE GOYA CON CALLE GENERAL PARDIÑAS;-;SALAMANCA;Caída;Despejado;Bicicleta;Conductor;DE 50 A 54 AÑOS;Hombre;07;
2019S026745;20/07/2019;14:35;FRENTE FAROLA Nº 6;-;CENTRO;Caída;Despejado;Bicicleta;Conductor;DE 35 A 39 AÑOS;Hombre;07;
2019S026739;20/07/2019;14:16;CARABANCHEL BAJO FAROLA 10;-;CARABANCHEL;Choque contra obstáculo fijo;Despejado;Bicicleta;Conductor;DE 15 A 17 AÑOS;Hombre;07;
2019S026840;21/07/2019;22:15;CALL. DOCTOR ESQUERDO;64;RETIRO;Caída;Despejado;Bicicleta;Conductor;DE 21 A 24 AÑOS;Hombre;02;
2019S026865;21/07/2019;20:53;CALL. FUENCARRAL;16;CENTRO;Atropello a persona;LLuvia intensa;Bicicleta;Conductor;DE 40 A 44 AÑOS;Hombre;14;
2019S026865;21/07/2019;20:53;CALL. FUENCARRAL;16;CENTRO;Atropello a persona;LLuvia intensa;Bicicleta;Peatón;DE 50 A 54 AÑOS;Mujer;;
2019S026808;21/07/2019;12:10;CALL. PUERTO DE PORZUNA / CALL. CABEZA MESADA;-;VILLA DE VALLECAS;Caída;Despejado;Bicicleta;Conductor;DE 40 A 44 AÑOS;Mujer;07;
2019S026886;22/07/2019;19:30;PASEO. RECOLETOS;13;CENTRO;Caída;Despejado;Bicicleta;Conductor;DE 30 A 34 AÑOS;Hombre;01;
2019S026885;22/07/2019;19:00;CUSTA. VEGA;1;CENTRO;Caída;Despejado;Bicicleta;Conductor;DE 55 A 59 AÑOS;Hombre;02;
2019S026841;22/07/2019;8:30;CALL. NAVARRA / CALL. PAMPLONA;-;TETUÁN;Caída;Nublado;Bicicleta;Conductor;DE 21 A 24 AÑOS;Mujer;07;
2019S026842;22/07/2019;8:15;CALL. MANCHA;1;PUENTE DE VALLECAS;Alcance;Despejado;Bicicleta;Conductor;DE 50 A 54 AÑOS;Hombre;;
2019S026963;23/07/2019;20:45;GTA. EMILIO CASTELAR;0;SALAMANCA;Caída;Lluvia débil;Bicicleta;Conductor;DE 25 A 29 AÑOS;Hombre;01;
2019S027011;23/07/2019;19:50;PLAZA. MORERAS;1;MONCLOA-ARAVACA;Caída;LLuvia intensa;Bicicleta;Conductor;DE 35 A 39 AÑOS;Mujer;01;
2019S026924;23/07/2019;13:10;PASEO. CASTELLANA;86;CHAMARTÍN;Caída;Despejado;Bicicleta;Conductor;DE 25 A 29 AÑOS;Hombre;05;
2019S027052;24/07/2019;22:40;GTA. ATOCHA-REINA SOFIA;-;CENTRO;Colisión lateral;Despejado;Bicicleta;Conductor;DE 25 A 29 AÑOS;Mujer;01;
2019S027071;25/07/2019;11:05;EN CARRIL BICI;-;SAN BLAS-CANILLEJAS;Caída;Despejado;Bicicleta;Conductor;DE 65 A 69 AÑOS;Hombre;;
2019S027182;26/07/2019;21:45;CALL. AZUCENAS;6;TETUÁN;Colisión frontal;Despejado;Bicicleta;Conductor;DE 18 A 20 AÑOS;Hombre;02;
2019S027325;26/07/2019;12:35;AVDA. DEMOCRACIA / AUTOV. A-3;-;VICÁLVARO;Colisión fronto-lateral;Despejado;Bicicleta;Conductor;DE 50 A 54 AÑOS;Hombre;14;
2019S027141;26/07/2019;11:50;PASEO. CASTELLANA;43;CHAMBERÍ;Colisión lateral;Despejado;Bicicleta;Conductor;DE 45 A 49 AÑOS;Hombre;06;
2019S027278;27/07/2019;17:31;CALL. ALFONSO XII / CALL. CLAUDIO MOYANO;-;RETIRO;Caída;Despejado;Bicicleta;Conductor;DE 40 A 44 AÑOS;Hombre;01;
2019S027303;28/07/2019;12:40;CALL. ALFONSO XII / CALL. CASADO DEL ALISAL;-;RETIRO;Colisión fronto-lateral;Despejado;Bicicleta;Conductor;DE 50 A 54 AÑOS;Hombre;;
2019S027369;29/07/2019;13:15;CALL. MANZANARES / CALL. LINNEO;-;ARGANZUELA;Colisión fronto-lateral;Despejado;Bicicleta;Conductor;DE 25 A 29 AÑOS;Hombre;07;
2019S027425;30/07/2019;23:05;CUESTA DE LA VEGA;-;CENTRO;Caída;Despejado;Bicicleta;Conductor;DE 21 A 24 AÑOS;Mujer;07;
2019S027477;30/07/2019;20:40;AVDA. MEDITERRANEO / AUTOV. A-3;-;VILLA DE VALLECAS;Colisión fronto-lateral;Despejado;Bicicleta;Conductor;DE 25 A 29 AÑOS;Hombre;07;
2019S027422;30/07/2019;20:40;CALL. DOCTOR ESQUERDO;9;SALAMANCA;Alcance;Despejado;Bicicleta;Conductor;DE 25 A 29 AÑOS;Hombre;01;
2019S027418;30/07/2019;19:05;CALL. SANTA MARIA LA REAL DE NIEVA;9;ARGANZUELA;Colisión frontal;Despejado;Bicicleta;Conductor;DE 55 A 59 AÑOS;Hombre;01;
2019S027418;30/07/2019;19:05;CALL. SANTA MARIA LA REAL DE NIEVA;9;ARGANZUELA;Colisión frontal;Despejado;Bicicleta;Conductor;DE 30 A 34 AÑOS;Hombre;14;
2019S027371;30/07/2019;8:15;AVDA. SUR DEL AEROPUERTO DE BARAJAS / AUTOV. M-22;-;BARAJAS;Colisión fronto-lateral;Despejado;Bicicleta;Conductor;DE 30 A 34 AÑOS;Hombre;02;
2019S027541;31/07/2019;22:00;CALL. GENOVA / CALL. ZURBANO;-;CHAMBERÍ;Alcance;;Bicicleta;Conductor;DE 25 A 29 AÑOS;Hombre;;
2019S027521;31/07/2019;10:15;PASEO. SANTA MARIA DE LA CABEZA / CALL. FRAY LUIS DE LEON;-;ARGANZUELA;Caída;Despejado;Bicicleta;Conductor;DE 45 A 49 AÑOS;Mujer;07;
2019S027558;01/08/2019;19:45;CMNO. POZO DEL TIO RAIMUNDO;25;VILLA DE VALLECAS;Alcance;Despejado;Bicicleta;Conductor;DE 30 A 34 AÑOS;Hombre;07;
2019S027511;01/08/2019;9:47;CALL. UNANIMIDAD / CALL. TERTULIA;-;VILLAVERDE;Colisión fronto-lateral;Despejado;Bicicleta;Conductor;DE 30 A 34 AÑOS;Mujer;07;
2019S027608;02/08/2019;15:50;CALL. VIA LIMITE / CALL. ALCOLEA;-;TETUÁN;Colisión lateral;Despejado;Bicicleta;Conductor;DE 30 A 34 AÑOS;Hombre;02;
2019S027599;02/08/2019;11:35;CALL. MEJIA LEQUERICA / CALL. SAGASTA;-;CENTRO;Colisión fronto-lateral;Despejado;Bicicleta;Conductor;DE 50 A 54 AÑOS;Mujer;01;
2019S027568;02/08/2019;3:01;CALL. SEGOVIA;43;ARGANZUELA;Caída;Despejado;Bicicleta;Conductor;DE 30 A 34 AÑOS;Mujer;05;
2019S027642;03/08/2019;3:30;CUSTA. VEGA;3;CENTRO;Caída;Despejado;Bicicleta;Conductor;DE 25 A 29 AÑOS;Mujer;;
2019S027795;05/08/2019;22:00;CALL. CONCEJAL FRANCISCO JOSE JIMENEZ MARTIN;66;LATINA;Caída;Despejado;Bicicleta;Conductor;DE 30 A 34 AÑOS;Hombre;03;
2019S027855;05/08/2019;20:15;AVDA. AVIACION / CTRA. BARRIO DE LA FORTUNA;-;LATINA;Colisión fronto-lateral;Despejado;Bicicleta;Conductor;DE 18 A 20 AÑOS;Hombre;02;
2019S027834;05/08/2019;16:33;CALL. LOPEZ DE HOYOS;100;CHAMARTÍN;Caída;Despejado;Bicicleta;Conductor;DESCONOCIDA;;;
2019S027815;05/08/2019;12:35;CALL. CLAUDIO MOYANO;1;RETIRO;Atropello a persona;Despejado;Bicicleta;Conductor;DE 35 A 39 AÑOS;Mujer;06;
2019S027815;05/08/2019;12:35;CALL. CLAUDIO MOYANO;1;RETIRO;Atropello a persona;Despejado;Bicicleta;Peatón;MAYOR DE 74 AÑOS;Hombre;06;
2019S027825;06/08/2019;11:30;CARRIL BICI INTERIOR PARQUE LINEAL DEL MANZANARES;-;VILLAVERDE;Caída;Despejado;Bicicleta;Conductor;DE 70 A 74 AÑOS;Hombre;05;
2019S027813;06/08/2019;7:04;PASEO. PRADO / CALL. ALCALA;-;CENTRO;Colisión fronto-lateral;Despejado;Bicicleta;Conductor;DE 35 A 39 AÑOS;Hombre;;
2019S027887;07/08/2019;8:02;CALL. FRANCISCO UMBRAL / CALL. VIA DE DUBLIN;-;BARAJAS;Colisión frontal;Despejado;Bicicleta;Conductor;DE 45 A 49 AÑOS;Hombre;07;
2019S027955;07/08/2019;3:30;CALL. MARAVEDI;12;CARABANCHEL;Caída;Despejado;Bicicleta;Conductor;DE 18 A 20 AÑOS;Hombre;01;
2019S027992;08/08/2019;22:25;CALL. ARROYO DE LA MEDIA LEGUA;43;MORATALAZ;Colisión fronto-lateral;Despejado;Bicicleta;Conductor;DE 40 A 44 AÑOS;Hombre;03;
2019S028042;08/08/2019;21:30;AVDA. HOSPITALIDAD;3;LATINA;Caída;Despejado;Bicicleta;Conductor;MAYOR DE 74 AÑOS;Hombre;02;
2019S027988;08/08/2019;19:10;CALL. LADERA DE LOS ALMENDROS / CALL. RAYA;-;VICÁLVARO;Colisión fronto-lateral;Despejado;Bicicleta;Conductor;DE 45 A 49 AÑOS;Hombre;07;
2019S028005;08/08/2019;11:10;CTRA. COLMENAR VIEJO;0;CHAMARTÍN;Caída;Despejado;Bicicleta;Conductor;DE 55 A 59 AÑOS;Hombre;06;
2019S028044;09/08/2019;16:25;CALL. SANTA ESCOLASTICA, 1 (POSTERIOR APARCAMIENTO;-;VILLAVERDE;Caída;Despejado;Bicicleta;Conductor;DE 15 A 17 AÑOS;Hombre;06;
2019S028132;10/08/2019;12:15;CALL. ISABEL COLBRAND / CALL. PALAS DE REY;-;FUENCARRAL-EL PARDO;Colisión fronto-lateral;Despejado;Bicicleta;Conductor;DE 30 A 34 AÑOS;Hombre;07;
2019S028487;14/08/2019;18:40;ANILLO VERDE CICLISTA, PKM 32;-;CARABANCHEL;Caída;Despejado;Bicicleta;Conductor;DE 35 A 39 AÑOS;Mujer;01;
2019S028354;15/08/2019;17:05;GLORIETA SOBRE M-40;-;SAN BLAS-CANILLEJAS;Colisión fronto-lateral;Despejado;Bicicleta;Conductor;DE 45 A 49 AÑOS;Hombre;02;
2019S028337;15/08/2019;13:05;CALLE ALCALA 149;-;SALAMANCA;Alcance;Despejado;Bicicleta;Conductor;DE 30 A 34 AÑOS;Hombre;;
2019S028644;16/08/2019;21:02;AVDA. MANZANARES / CALL. SAN GRACIANO;-;USERA;Caída;Despejado;Bicicleta;Conductor;DE 10 A 14 AÑOS;Mujer;01;
2019S028541;19/08/2019;18:35;CALL. VELAZQUEZ;69;SALAMANCA;Alcance;Despejado;Bicicleta;Conductor;DE 30 A 34 AÑOS;Mujer;07;
2019S028515;19/08/2019;13:15;CALL. ARROYO BELINCOSO;9;MORATALAZ;Colisión lateral;Despejado;Bicicleta;Conductor;DE 50 A 54 AÑOS;Hombre;07;
2019S028640;20/08/2019;21:40;CMNO. ROBLEDAL;2;MONCLOA-ARAVACA;Colisión fronto-lateral;Despejado;Bicicleta;Conductor;DE 30 A 34 AÑOS;Hombre;14;
2019S028640;20/08/2019;21:40;CMNO. ROBLEDAL;2;MONCLOA-ARAVACA;Colisión fronto-lateral;Despejado;Bicicleta;Conductor;DE 45 A 49 AÑOS;Hombre;05;
2019S028597;20/08/2019;18:32;PASEO. REPUBLICA DE CUBA;6;RETIRO;Colisión fronto-lateral;Despejado;Bicicleta;Conductor;DE 55 A 59 AÑOS;Hombre;05;
2019S028597;20/08/2019;18:32;PASEO. REPUBLICA DE CUBA;6;RETIRO;Colisión fronto-lateral;Despejado;Bicicleta;Conductor;DE 6 A 9 AÑOS;Hombre;14;
2019S028647;21/08/2019;19:45;CALL. PRINCIPE DE VERGARA / CALL. HERMOSILLA;-;SALAMANCA;Colisión lateral;;Bicicleta;Conductor;DE 25 A 29 AÑOS;Hombre;;
2019S028869;21/08/2019;13:20;CALL. MARCELO USERA / CALL. SAN ANTONIO DE PADUA;-;USERA;Colisión fronto-lateral;Despejado;Bicicleta;Conductor;DE 40 A 44 AÑOS;Hombre;;
2019S028686;22/08/2019;14:50;AVDA. PEÑA PRIETA / CALL. MENDIVIL;-;PUENTE DE VALLECAS;Caída;Despejado;Bicicleta;Conductor;DE 25 A 29 AÑOS;Hombre;06;
2019S028666;22/08/2019;6:10;CALL. BRAVO MURILLO / CALL. VIRIATO;-;CHAMBERÍ;Otro;Despejado;Bicicleta;Conductor;DE 50 A 54 AÑOS;Hombre;06;
2019S028861;23/08/2019;13:30;AVDA. POBLADOS / AUTOV. A-42;-;USERA;Colisión frontal;Despejado;Bicicleta;Conductor;DE 18 A 20 AÑOS;Hombre;02;
2019S028835;24/08/2019;20:10;CTRA. ZARZON;6;MONCLOA-ARAVACA;Atropello a persona;Despejado;Bicicleta;Conductor;DE 45 A 49 AÑOS;Mujer;06;
2019S028835;24/08/2019;20:10;CTRA. ZARZON;6;MONCLOA-ARAVACA;Atropello a persona;Despejado;Bicicleta;Peatón;DE 6 A 9 AÑOS;Hombre;14;
2019S028878;25/08/2019;20:40;PASEO. ERMITA DEL SANTO;80;CARABANCHEL;Atropello a persona;Despejado;Bicicleta;Conductor;DE 6 A 9 AÑOS;Hombre;14;
2019S028878;25/08/2019;20:40;PASEO. ERMITA DEL SANTO;80;CARABANCHEL;Atropello a persona;Despejado;Bicicleta;Peatón;DE 50 A 54 AÑOS;Mujer;06;
2019S028881;25/08/2019;19:10;CALL. SERRANO;30;SALAMANCA;Alcance;Despejado;Bicicleta;Conductor;DE 25 A 29 AÑOS;Hombre;07;
2019S028932;26/08/2019;15:30;PASEO. CAMOENS Y VALERO;2;MONCLOA-ARAVACA;Choque contra obstáculo fijo;Nublado;Bicicleta;Conductor;DE 21 A 24 AÑOS;Hombre;06;
2019S029547;27/08/2019;21:45;CALL. ATOCHA / PLAZA. EMPERADOR CARLOS V;-;CENTRO;Alcance;Despejado;Bicicleta;Conductor;DE 25 A 29 AÑOS;Mujer;05;
2019S029005;27/08/2019;20:05;PASEO. PONTONES / PASEO. MELANCOLICOS;-;ARGANZUELA;Caída;Despejado;Bicicleta;Conductor;DE 45 A 49 AÑOS;Mujer;01;
2019S029018;28/08/2019;13:00;PASEO. GENERAL MARTINEZ CAMPOS;41;CHAMBERÍ;Alcance;Despejado;Bicicleta;Conductor;DE 25 A 29 AÑOS;Hombre;02;
2019S028983;28/08/2019;10:50;CALL. FUENTE CARRANTONA;61;MORATALAZ;Colisión fronto-lateral;Despejado;Bicicleta;Conductor;DE 65 A 69 AÑOS;Hombre;07;
2019S028983;28/08/2019;10:50;CALL. FUENTE CARRANTONA;61;MORATALAZ;Colisión fronto-lateral;Despejado;Bicicleta;Conductor;DE 50 A 54 AÑOS;Hombre;07;
2019S028981;28/08/2019;9:35;CALL. CONDE DE PEÑALVER;68;SALAMANCA;Alcance;Despejado;Bicicleta;Conductor;DE 35 A 39 AÑOS;Hombre;07;
2019S029079;29/08/2019;22:45;CALL. LUCHANA;30;CHAMBERÍ;Caída;Despejado;Bicicleta;Conductor;DE 30 A 34 AÑOS;Hombre;14;
2019S029101;29/08/2019;14:45;PASEO. ALBERTO PALACIOS;11;VILLAVERDE;Atropello a persona;Despejado;Bicicleta;Conductor;DESCONOCIDA;;;
2019S029101;29/08/2019;14:45;PASEO. ALBERTO PALACIOS;11;VILLAVERDE;Atropello a persona;Despejado;Bicicleta;Peatón;DE 0 A 5 AÑOS;Hombre;07;
2019S029022;29/08/2019;8:00;CALL. CAMPEZO / CALL. LAGUARDIA;-;SAN BLAS-CANILLEJAS;Colisión fronto-lateral;Despejado;Bicicleta;Conductor;DE 25 A 29 AÑOS;Hombre;06;
2019S029033;29/08/2019;2:35;CALL. SEGOVIA / RONDA. SEGOVIA;-;ARGANZUELA;Colisión fronto-lateral;;Bicicleta;Conductor;DE 35 A 39 AÑOS;Hombre;;
2019S029200;30/08/2019;21:40;CALL. PRINCESA;31;MONCLOA-ARAVACA;Colisión fronto-lateral;Despejado;Bicicleta;Conductor;DE 21 A 24 AÑOS;Hombre;05;
2019S029561;30/08/2019;16:45;CALL. MARQUES DE CUBAS;18;CENTRO;Choque contra obstáculo fijo;Despejado;Bicicleta;Conductor;DE 30 A 34 AÑOS;Hombre;02;
2019S029285;31/08/2019;21:50;CALL. RAMON GOMEZ DE LA SERNA; 9A;FUENCARRAL-EL PARDO;Colisión fronto-lateral;Despejado;Bicicleta;Conductor;DE 18 A 20 AÑOS;Hombre;07;
2019S029210;31/08/2019;19:10;"CAMINO EN ZONA DENOMIDADA COMO ""ESPACIO MÉXICO""";-;BARAJAS;Choque contra obstáculo fijo;Despejado;Bicicleta;Conductor;DE 45 A 49 AÑOS;Hombre;07;
2019S029194;31/08/2019;13:35;AUTOV. A-42, +00500S;-;CARABANCHEL;Colisión fronto-lateral;Despejado;Bicicleta;Conductor;DE 35 A 39 AÑOS;Hombre;06;
