PK;NOMBRE;DESCRIPCION-ENTIDAD;HORARIO;EQUIPAMIENTO;TRANSPORTE;DESCRIPCION;ACCESIBILIDAD;CONTENT-URL;NOMBRE-VIA;CLASE-VIAL;TIPO-NUM;NUM;PLANTA;PUERTA;ESCALERAS;ORIENTACION;LOCALIDAD;PROVINCIA;CODIGO-POSTAL;BARRIO;DISTRITO;COORDENADA-X;COORDENADA-Y;LATITUD;LONGITUD;TELEFONO;FAX;EMAIL;TIPO;
2392;"Auditorio al aire libre Berlín";"Su mantenimiento es competencia de la Junta de Distrito de Chamartín. Actividades: espectáculos variados durante los meses de verano.";"";"";"Metro: Concha Espina (línea 9).Bus: 16, 29, 52.";"";"0";"http://www.madrid.es/sites/v/index.jsp?vgnextchannel=bfa48ab43d6bb410VgnVCM100000171f5a0aRCRD&vgnextoid=34137b503a71c010VgnVCM1000000b205a0aRCRD";"SAN ERNESTO";"CALLE";"V";"10";"";"";"";"";"MADRID";"MADRID";"28002";"CIUDAD JARDIN";"CHAMARTIN";"442714";"4477836";"40.449208447370104";"-3.6755539136331894";"";"";"";"/contenido/entidadesYorganismos/AuditoriosSalasConcierto"; 
122296;"Auditorio al aire libre. Carlos Jiménez de Parga";"Su mantenimiento es competencia de la Junta de Distrito de Puente de Vallecas. Actividades: espectáculos variados durante los meses de verano.";"";"";"Metro: Miguel Hernández (línea 1).Bus: 54, 144, 103, 142, 143, 58.";"";"1";"http://www.madrid.es/sites/v/index.jsp?vgnextchannel=bfa48ab43d6bb410VgnVCM100000171f5a0aRCRD&vgnextoid=7d03cbf06c81c010VgnVCM1000000b205a0aRCRD";"RAFAEL ALBERTI";"AVENIDA";"V";"13";"";"";"";"esquina calle Andaluces";"MADRID";"MADRID";"28038";"PALOMERAS SURESTE";"PUENTE DE VALLECAS";"445830";"4471232";"40.389925582492495";"-3.6382516529937448";"";"";"";"/contenido/entidadesYorganismos/AuditoriosSalasConcierto"; 
2395;"Auditorio al aire libre. Centro Cultural el Pozo";"Su mantenimiento es competencia de la Junta de Puente de Vallecas. Actividades: espectáculos variados durante los meses de verano.";"";"";"Bus: 24, 102.Cercanías Renfe: El Pozo (líneas C2, C7).";"";"2";"http://www.madrid.es/sites/v/index.jsp?vgnextchannel=bfa48ab43d6bb410VgnVCM100000171f5a0aRCRD&vgnextoid=8cd27b503a71c010VgnVCM1000000b205a0aRCRD";"ANDALUCES DEL POZO";"CALLE";"V";"1";"";"";"";"con calle Cabo Machichaco";"MADRID";"MADRID";"28053";"ENTREVIAS";"PUENTE DE VALLECAS";"443905";"4469263";"40.372060226614956";"-3.6607580022990196";"";"";"";"/contenido/entidadesYorganismos/AuditoriosSalasConcierto"; 
2396;"Auditorio al aire libre. Entrevías";"Su mantenimiento es competencia de la Junta de Puente de Vallecas. Actividades: espectáculos variados durante los meses de verano.";"";"";"Bus: 111, 102.";"";"2";"http://www.madrid.es/sites/v/index.jsp?vgnextchannel=bfa48ab43d6bb410VgnVCM100000171f5a0aRCRD&vgnextoid=1fe27b503a71c010VgnVCM1000000b205a0aRCRD";"SUR";"RONDA";"V";"";"";"";"";"Altura calle Montánchez";"MADRID";"MADRID";"28053";"ENTREVIAS";"PUENTE DE VALLECAS";"443009";"4469412";"40.3733417270423";"-3.6713248649676786";"";"";"";"/contenido/entidadesYorganismos/AuditoriosSalasConcierto"; 
122325;"Auditorio al aire libre. Parque Aluche";"Su mantenimiento es competencia de la Junta de Distrito de Latina. Actividades: espectáculos variados durante los meses de verano.";"";"";"Metro: Aluche (línea 5).  Bus: 121, 25.  Cercanías RENFE: Aluche (línea C5).";"";"1";"http://www.madrid.es/sites/v/index.jsp?vgnextchannel=bfa48ab43d6bb410VgnVCM100000171f5a0aRCRD&vgnextoid=0023cbf06c81c010VgnVCM1000000b205a0aRCRD";"ILLESCAS";"CALLE";"V";"149";"";"";"";"";"MADRID";"MADRID";"28047";"ALUCHE";"LATINA";"435554";"4471619";"40.392680212409495";"-3.7593572957930554";"";"";"";"/contenido/entidadesYorganismos/AuditoriosSalasConcierto"; 
10290753;"Auditorio al aire libre. Parque Amós Acero";"Su mantenimiento es competencia de la Junta de Distrito de Puente de Vallecas. Actividades: Espectáculos variados durante los meses de verano.";"";"";"Bus: 24, 103, 111.";"";"1";"http://www.madrid.es/sites/v/index.jsp?vgnextchannel=bfa48ab43d6bb410VgnVCM100000171f5a0aRCRD&vgnextoid=0688a0701d0da510VgnVCM1000001d4a900aRCRD";"SIERRA DE ALQUIFE";"CALLE";"V";"20";"";"";"";"";"MADRID";"MADRID";"28053";"SAN DIEGO";"PUENTE DE VALLECAS";"443462";"4471081";"40.38840792931046";"-3.6661371810507912";"";"";"";"/contenido/entidadesYorganismos/AuditoriosSalasConcierto"; 
2393;"Auditorio al aire libre. Parque Cerro Almodóvar";"Su mantenimiento es competencia de la Junta de Distrito de Latina. Actividades: espectáculos variados durante los meses de verano.";"";"";"Metro: Carpetana (línea 6). Bus: 17.";"";"0";"http://www.madrid.es/sites/v/index.jsp?vgnextchannel=bfa48ab43d6bb410VgnVCM100000171f5a0aRCRD&vgnextoid=eb437b503a71c010VgnVCM1000000b205a0aRCRD";"MARCELINO CASTILLO";"CALLE";"V";"29";"";"";"";"";"MADRID";"MADRID";"28047";"ALUCHE";"LATINA";"436800";"4471778";"40.39420802732146";"-3.744692836307442";"";"";"";"/contenido/entidadesYorganismos/AuditoriosSalasConcierto"; 
2399;"Auditorio al aire libre. Parque de Canillejas";"Su mantenimiento es competencia de la Junta de Distrito de San Blas - Canillejas. Actividades: espectáculos variados durante los meses de verano.";"";"";"Metro: Torre Arias (línea 5).Bus: 28, 48.";"";"0";"http://www.madrid.es/sites/v/index.jsp?vgnextchannel=bfa48ab43d6bb410VgnVCM100000171f5a0aRCRD&vgnextoid=59337b503a71c010VgnVCM1000000b205a0aRCRD";"NECTAR";"CALLE";"V";"32";"";"";"";"";"MADRID";"MADRID";"28022";"CANILLEJAS";"SAN BLAS-CANILLEJAS";"448169";"4477063";"40.44260378345522";"-3.6111693057729117";"";"";"";"/contenido/entidadesYorganismos/AuditoriosSalasConcierto"; 
10724346;"Auditorio al aire libre. Parque de la Cuña Verde";"Actividades: cine de verano y espectáculos musicales.";"";"";"Bus: 140, E4.";"";"1";"http://www.madrid.es/sites/v/index.jsp?vgnextchannel=bfa48ab43d6bb410VgnVCM100000171f5a0aRCRD&vgnextoid=35f0833f1eec3610VgnVCM1000001d4a900aRCRD";"JOSE BERGAMIN";"CALLE";"V";"62";"";"";"";"";"MADRID";"MADRID";"28030";"MARROQUINA";"MORATALAZ";"446334";"4473592";"40.41122222440268";"-3.6325060663892805";"";"";"";"/contenido/entidadesYorganismos/AuditoriosSalasConcierto"; 
2387;"Auditorio al aire libre. Parque de la Vaguada";"";"";"Templete de Música";"Metro: Peña Grande (línea 7), Barrio del Pilar (línea 9)Bus: 49 , 67 , 83 , 124 , 128 , 132 , 133 , 137";"Mantenimiento:Área de Gobierno de Medio Ambiente y Movilidad";"0";"http://www.madrid.es/sites/v/index.jsp?vgnextchannel=bfa48ab43d6bb410VgnVCM100000171f5a0aRCRD&vgnextoid=7e537b503a71c010VgnVCM1000000b205a0aRCRD";"VAGUADA";"PASEO";"V";"13";"";"";"";"Avenida de Betanzos con Paseo de la Vaguada";"MADRID";"MADRID";"28029";"EL PILAR";"FUENCARRAL-EL PARDO";"439821";"4481504";"40.48016602497203";"-3.7112978051427574";"";"";"";"/contenido/entidadesYorganismos/AuditoriosSalasConcierto"; 
2394;"Auditorio al aire libre. Parque de las Cruces";"Su mantenimiento es competencia de la Junta de Distrito de Latina. Está situado junto al estanque del Parque. Actividades: espectáculos variados durante los meses de verano.";"";"";"Metro: Aluche (línea 5).Bus: 47, 118, 121, 131, 155.Cercanías: Aluche (línea C5).";"";"0";"http://www.madrid.es/sites/v/index.jsp?vgnextchannel=bfa48ab43d6bb410VgnVCM100000171f5a0aRCRD&vgnextoid=93837b503a71c010VgnVCM1000000b205a0aRCRD";"POBLADOS";"AVENIDA";"V";"68";"";"";"";"";"MADRID";"MADRID";"28044";"LAS AGUILAS";"LATINA";"435534";"4470597";"40.383472075956185";"-3.759489504920487";"";"";"";"/contenido/entidadesYorganismos/AuditoriosSalasConcierto"; 
52514;"Auditorio al aire libre. Parque de Olof Palme";"Su mantenimiento es competencia de Medioambiente (Parques y Jardines). Actividades: espectáculos variados durante los meses de verano.";"";"";"Metro: Plaza Elíptica (líneas 6, 11).Bus: 47, 60, 81, 247.";"";"1";"http://www.madrid.es/sites/v/index.jsp?vgnextchannel=bfa48ab43d6bb410VgnVCM100000171f5a0aRCRD&vgnextoid=1185946be351c010VgnVCM2000000c205a0aRCRD";"CERECINOS";"CALLE";"V";"1";"";"";"";"";"MADRID";"MADRID";"28026";"ZOFIO";"USERA";"439527";"4470701";"40.384708341415276";"-3.712460441100476";"";"";"";"/contenido/entidadesYorganismos/AuditoriosSalasConcierto"; 
6622017;"Auditorio al aire libre. Parque de Pradolongo";"Su mantenimiento es competencia de Medioambiente. (Parques y Jardines). Actividades: espectáculos variados durante los meses de verano.";"";"";"Cercanías Renfe: Orcasitas (línea C5). Bus: 121.";"";"1";"http://www.madrid.es/sites/v/index.jsp?vgnextchannel=bfa48ab43d6bb410VgnVCM100000171f5a0aRCRD&vgnextoid=0bae296aa2c9a310VgnVCM2000000c205a0aRCRD";"POBLADOS";"AVENIDA";"V";"169";"";"";"";"";"MADRID";"MADRID";"28041";"PRADOLONGO";"USERA";"439998";"4469285";"40.3719863231287";"-3.7067784594450583";"";"";"";"/contenido/entidadesYorganismos/AuditoriosSalasConcierto"; 
2389;"Auditorio al aire libre. Parque del Calero";"";"";"";"Metro: Quintana (línea 5), Barrio de la Concepción (línea 7).Bus: 21, 48 , 146.";"Mantenimiento:Dependiente de la Junta Municipal de Distrito de Ciudad Lineal.";"1";"http://www.madrid.es/sites/v/index.jsp?vgnextchannel=bfa48ab43d6bb410VgnVCM100000171f5a0aRCRD&vgnextoid=c6237b503a71c010VgnVCM1000000b205a0aRCRD";"JOSE DEL HIERRO";"CALLE";"V";"3";"";"";"";"";"MADRID";"MADRID";"28027";"CONCEPCION";"CIUDAD LINEAL";"444836";"4476387";"40.43629956289038";"-3.6504096146979457";"917654317 - Únicamente información sobre la propia instalación, la información sobre las actividades se consulta a través de las publicaciones especificas de cada una de ellas.";"";"cultuclineal@madrid.es";"/contenido/entidadesYorganismos/AuditoriosSalasConcierto"; 
2388;"Auditorio al aire libre. Parque Enrique Tierno Galván";"Su mantenimiento es competencia de la Junta de Distrito de Arganzuela. Actividades: espectáculos variados durante los meses de verano.";"";"";"Metro: Arganzuela-Planetario (línea 6).Bus: 148, 156.";"";"1";"http://www.madrid.es/sites/v/index.jsp?vgnextchannel=bfa48ab43d6bb410VgnVCM100000171f5a0aRCRD&vgnextoid=26937b503a71c010VgnVCM1000000b205a0aRCRD";"PLANETARIO";"AVENIDA";"V";"18";"";"";"";"";"MADRID";"MADRID";"28045";"LEGAZPI";"ARGANZUELA";"441830";"4471375";"40.390944081814816";"-3.685391155439898";"";"";"";"/contenido/entidadesYorganismos/AuditoriosSalasConcierto"; 
6622049;"Auditorio al aire libre. Parque Lineal del Manzanares";"Su mantenimiento es competencia de Medioambiente (Parques y Jardines). Actividades: espectáculos variados durante los meses de verano.";"";"";"Metro: Hospital 12 de Octubre (línea 3).Bus: 23, 123. Cercanías Renfe: Doce de Octubre (línea C5).";"";"1";"http://www.madrid.es/sites/v/index.jsp?vgnextchannel=bfa48ab43d6bb410VgnVCM100000171f5a0aRCRD&vgnextoid=6fb3296aa2c9a310VgnVCM2000000c205a0aRCRD";"PERALES";"CAMINO";"V";"48";"";"";"";"";"MADRID";"MADRID";"28041";"SAN FERMIN";"USERA";"441308";"4470116";"40.379565707685856";"-3.6914252404682903";"";"";"";"/contenido/entidadesYorganismos/AuditoriosSalasConcierto"; 
52510;"Auditorio al aire libre. Pavones";"Su mantenimiento es competencia de la Junta de Distrito de Moratalaz. Actividades: espectáculos variados durante los meses de verano.";"";"";"Metro: Pavones (línea 9).Bus: 71, 100, 140, 142, 144, 30, E4.";"";"0";"http://www.madrid.es/sites/v/index.jsp?vgnextchannel=bfa48ab43d6bb410VgnVCM100000171f5a0aRCRD&vgnextoid=3845946be351c010VgnVCM2000000c205a0aRCRD";"HACIENDA DE PAVONES";"CALLE";"V";"209";"";"";"";"";"MADRID";"MADRID";"28030";"VINATEROS";"MORATALAZ";"445938";"4472508";"40.40142760716397";"-3.6370875655785446";"";"";"";"/contenido/entidadesYorganismos/AuditoriosSalasConcierto"; 
2397;"Auditorio al aire libre. Pilar García Peña (Parque Pinar del Rey)";"Su mantenimiento es competencia de la Junta de Distrito de Hortaleza. Actividades: espectáculos variados durante los meses de verano.";"";"";"Bus: 9, 72, 73.";"";"1";"http://www.madrid.es/sites/v/index.jsp?vgnextchannel=bfa48ab43d6bb410VgnVCM100000171f5a0aRCRD&vgnextoid=b8a37b503a71c010VgnVCM1000000b205a0aRCRD";"CANILLAS";"CARRETERA";"V";"1";"";"";"";"";"MADRID";"MADRID";"28043";"CANILLAS";"HORTALEZA";"444354";"4479394";"40.46335596968574";"-3.65636755952747";"";"";"";"/contenido/entidadesYorganismos/AuditoriosSalasConcierto"; 
52515;"Auditorio al aire libre. Plaza de Ermua";"Su mantenimiento es competencia de Medioambiente (Parques y Jardines). Actividades: espectáculos variados durante los meses de verano.";"";"";"Bus: 6, 60, 116, 121, 131.";"";"1";"http://www.madrid.es/sites/v/index.jsp?vgnextchannel=bfa48ab43d6bb410VgnVCM100000171f5a0aRCRD&vgnextoid=c8b5946be351c010VgnVCM2000000c205a0aRCRD";"GUETARIA";"CALLE";"V";"56";"";"";"";"";"MADRID";"MADRID";"28041";"ORCASITAS";"USERA";"439227";"4469272";"40.37181328202843";"-3.7158701313563736";"";"";"";"/contenido/entidadesYorganismos/AuditoriosSalasConcierto"; 
5451510;"Auditorio al aire libre. Templete de Música - Parque del Oeste";"Su mantenimiento es competencia de la Junta de Distrito de Moncloa - Aravaca. Actividades: espectáculos variados durante los meses de verano.";"";"";"Metro: Príncipe Pío (Líneas 6, 10 y Ramal) y Plaza de España (líneas 3 y 10)Bus: 62 y 74.Cercanías RENFE: Príncipe Pío (Líneas C1, C7 Y C10).";"";"2";"http://www.madrid.es/sites/v/index.jsp?vgnextchannel=bfa48ab43d6bb410VgnVCM100000171f5a0aRCRD&vgnextoid=a1bebc3dfb094210VgnVCM2000000c205a0aRCRD";"PROFESOR MARTIN ALMAGRO BASCH";"CALLE";"V";"5";"";"";"";"";"MADRID";"MADRID";"28008";"CASA DE CAMPO";"MONCLOA-ARAVACA";"438980";"4475117";"40.424449819646256";"-3.719327791504915";"";"";"";"/contenido/entidadesYorganismos/AuditoriosSalasConcierto"; 
5451503;"Auditorio al aire libre. Templete. Plaza de la Remonta";"Su mantenimiento es competencia de la Junta de Distrito de Tetuán. Actividades: espectáculos variados durante los meses de verano.";"";"";"Metro: Valdeacederas (línea 1).Bus: 66, 124, 49.";"";"2";"http://www.madrid.es/sites/v/index.jsp?vgnextchannel=bfa48ab43d6bb410VgnVCM100000171f5a0aRCRD&vgnextoid=85f18cc14b094210VgnVCM1000000b205a0aRCRD";"REMONTA";"PLAZA";"V";"18";"";"";"";"";"MADRID";"MADRID";"28039";"VALDEACEDERAS";"TETUAN";"440853";"4479492";"40.463997008119094";"-3.6976570794379433";"";"";"";"/contenido/entidadesYorganismos/AuditoriosSalasConcierto"; 
10290812;"Auditorio Anfiteatro Lourdes y Mariano";"";"";"";"Bus: 4, 100, 106, 130 y E3.";"";"1";"http://www.madrid.es/sites/v/index.jsp?vgnextchannel=bfa48ab43d6bb410VgnVCM100000171f5a0aRCRD&vgnextoid=1dbca0701d0da510VgnVCM1000001d4a900aRCRD";"CASALARREINA";"CALLE";"V";"26";"";"";"";"";"MADRID";"MADRID";"28032";"AMBROZ";"VICALVARO";"447938";"4473364";"40.409266465742476";"-3.613590118065351";"";"";"";"/contenido/entidadesYorganismos/AuditoriosSalasConcierto"; 
5989871;"Auditorio Carmen Laforet (Ciudad Lineal)";"Ubicado en el Centro de Mayores Carmen Laforet";"";"1 Salón de actos (190 butacas)El salón de actos se cede para ensayos.";"Metro: Pinar de Chamartín (líneas 1, 4 y línea 1 metro ligero)Bus: 29, 125, 129, 150";"";"1";"http://www.madrid.es/sites/v/index.jsp?vgnextchannel=bfa48ab43d6bb410VgnVCM100000171f5a0aRCRD&vgnextoid=fca22248514ae210VgnVCM1000000b205a0aRCRD";"JAZMIN";"CALLE";"V";"46";"";"";"";"";"MADRID";"MADRID";"28033";"COSTILLARES";"CIUDAD LINEAL";"443568";"4481205";"40.47960826297022";"-3.665799020694628";"913 831 456";"";"";"/contenido/entidadesYorganismos/AuditoriosSalasConcierto"; 
52513;"Auditorio de la Plaza de Chamberí - Templete";"Su mantenimiento es competencia de la Junta Municipal de Chamberí. Actividades: espectáculos variados durante los meses de primavera y verano.";"";"";"Metro: Iglesia (línea 1).Bus: 3, 40, 147.";"";"0";"http://www.madrid.es/sites/v/index.jsp?vgnextchannel=bfa48ab43d6bb410VgnVCM100000171f5a0aRCRD&vgnextoid=36a5946be351c010VgnVCM2000000c205a0aRCRD";"CHAMBERI";"PLAZA";"V";"12";"";"";"";"";"MADRID";"MADRID";"28010";"ALMAGRO";"CHAMBERI";"440834";"4476014";"40.43266432328108";"-3.697557153998127";"";"";"";"/contenido/entidadesYorganismos/AuditoriosSalasConcierto"; 
10631882;"Auditorio Municipal al aire libre Lola Camarena";"Su mantenimiento es competencia de la Junta de Distrito de Villa de Vallecas. Actividades: espectáculos variados.";"De información telefónica: de lunes a viernes de 9 a 14 horas.";"";"Bus: 145.";"";"1";"http://www.madrid.es/sites/v/index.jsp?vgnextchannel=bfa48ab43d6bb410VgnVCM100000171f5a0aRCRD&vgnextoid=0dabd0b2571d1610VgnVCM1000001d4a900aRCRD";"LA GAVIA";"AVENIDA";"V";"13";"";"";"";"";"MADRID";"MADRID";"28051";"ENSANCHE DE VALLECAS";"VILLA DE VALLECAS";"448205";"4469500";"40.37447621683769";"-3.6101291550314283";"915 887 827";"";"cultuvivallecas@madrid.es";"/contenido/entidadesYorganismos/AuditoriosSalasConcierto"; 
161051;"Auditorio Municipal el Espinillo";"";"";"2 pistas de balonmano";"Bus: 22 , 59 , 85 , 79 , 123";"";"1";"http://www.madrid.es/sites/v/index.jsp?vgnextchannel=bfa48ab43d6bb410VgnVCM100000171f5a0aRCRD&vgnextoid=b6a9ba61e681c010VgnVCM1000000b205a0aRCRD";"TERTULIA";"CALLE";"V";"5";"";"";"";"";"MADRID";"MADRID";"28041";"LOS ROSALES";"VILLAVERDE";"441288";"4468354";"40.36180966975026";"-3.6927748531714824";"";"";"";"/contenido/entidadesYorganismos/AuditoriosSalasConcierto"; 
7034889;"Auditorio Municipal Las Trece Rosas";"Su mantenimiento es competencia de la Junta de Distrito de Villa de Vallecas. Actividades: espectáculos variados durante los meses de verano.";"De información telefónica: de lunes a viernes de 9 a 14 horas.";"Salas de ensayo.Teatro Auditorio al aire libre (techado).";"Metro: Villa de Vallecas (línea 1).Bus: 58.Cercanías Renfe: Vallecas (líneas C2 y C7).";"";"1";"http://www.madrid.es/sites/v/index.jsp?vgnextchannel=bfa48ab43d6bb410VgnVCM100000171f5a0aRCRD&vgnextoid=d8c31bbad23cf310VgnVCM1000000b205a0aRCRD";"MONTE DE MONTJUICH";"CALLE";"V";"7";"";"";"";"acceso por c/ Sierra Gorda c/v Sierra del Torcal";"MADRID";"MADRID";"28031";"CASCO H.VALLECAS";"VILLA DE VALLECAS";"447581";"4470145";"40.38024517813902";"-3.617532420014534";"915 887 827";"";"cultuvivallecas@madrid.es";"/contenido/entidadesYorganismos/AuditoriosSalasConcierto"; 
2130;"Auditorio Nacional de Música";"Organismo dependiente del Instituto Nacional de las Artes Escénicas y de la Música (Ministerio de Cultura y Deporte). Obra del arquitecto José María García de Paredes, fue inaugurado el 21 de octubre de 1988 y su construcción fue programada dentro del Plan Nacional de Auditorios, destinado a dotar al país de una adecuada infraestructura musical.";"Taquillas (entrada por la Plaza de Andrés Segovia) Lunes de 16 a 18 horasMartes a viernes de 10 a 17 horasSábados de 11 a 13 horas";"Equipamientos Sala SinfónicaSala de CámaraSala general del coroSala de actosSalas de cuerdas (4)Salas individuales (14)Cabina de grabaciónSala de prensaCafeterías (2)TiendaTaquillas: conectadas a la red de teatros dependientes del Instituto Nacional de las Artes Escénicas y de la Música";"Metro: Cruz del Rayo (línea 9),  Prosperidad (línea 4)Bus: 29, 52";"Venta de localidades  Teléfono: 902 224 949 / 985 679 668 (de 10 a 22 horas) Internet: http://www.entradasinaem.es";"3";"http://www.madrid.es/sites/v/index.jsp?vgnextchannel=bfa48ab43d6bb410VgnVCM100000171f5a0aRCRD&vgnextoid=c4a4eb6fbd71c010VgnVCM1000000b205a0aRCRD";"PRINCIPE DE VERGARA";"CALLE";"V";"146";"";"";"";"";"MADRID";"MADRID";"28002";"CIUDAD JARDIN";"CHAMARTIN";"442619";"4477707";"40.44615938706209";"-3.6779448874160314";"913 370 140 / 913 370 139 (Información) / 91 337 03 07 / 91 337 01 34 (taquillas)";"";"auditorio.nacional@inaem.mcu.es";"/contenido/entidadesYorganismos/AuditoriosSalasConcierto"; 
5304610;"Café Central";"";"";"";"Metro: Antón Martín (línea 1)Bus: M1, 26, 32, 6, 65Bicimad:Estación 34 (Plaza Jacinto Benavente)Estación 52 (Plaza Santa Ana)";"";"3";"http://www.madrid.es/sites/v/index.jsp?vgnextchannel=bfa48ab43d6bb410VgnVCM100000171f5a0aRCRD&vgnextoid=d3611cbd662c0210VgnVCM2000000c205a0aRCRD";"ANGEL";"PLAZA";"V";"10";"";"";"";"";"MADRID";"MADRID";"28012";"CORTES";"CENTRO";"440450";"4473965";"40.414178504157086";"-3.701904023779484";"913 694 143";"";"";"/contenido/entidadesYorganismos/AuditoriosSalasConcierto"; 
7035127;"Café El Despertar";"";"";"";"Metro: Antón Martín (línea 1)Bus: 6, 26, 32";"";"3";"http://www.madrid.es/sites/v/index.jsp?vgnextchannel=bfa48ab43d6bb410VgnVCM100000171f5a0aRCRD&vgnextoid=bed09ff0a73cf310VgnVCM1000000b205a0aRCRD";"TORRECILLA DEL LEAL";"CALLE";"V";"18";"";"";"";"";"MADRID";"MADRID";"28012";"EMBAJADORES";"CENTRO";"440648";"4473593";"40.41084156212642";"-3.699523952570967";"915 308 095";"";"";"/contenido/entidadesYorganismos/AuditoriosSalasConcierto"; 
7035060;"Café La Palma";"";"";"";"Metro: Noviciado (línea 2)Bus: 147, 3, M2Bicimad: Estación 15 (calle San Vicente Ferrer, 64)";"";"3";"http://www.madrid.es/sites/v/index.jsp?vgnextchannel=bfa48ab43d6bb410VgnVCM100000171f5a0aRCRD&vgnextoid=2000aa5a863cf310VgnVCM1000000b205a0aRCRD";"PALMA";"CALLE";"V";"62";"";"";"";"";"MADRID";"MADRID";"28015";"UNIVERSIDAD";"CENTRO";"439936";"4475369";"40.42678043394236";"-3.708094409489715";"915 225 031";"";"";"/contenido/entidadesYorganismos/AuditoriosSalasConcierto"; 
52511;"Centro Cultural Auditorio Parque El Paraíso (San Blas - Canillejas)";"";"";"";"Metro: Simancas (línea 7).Bus: 109, 38.";"";"1";"http://www.madrid.es/sites/v/index.jsp?vgnextchannel=bfa48ab43d6bb410VgnVCM100000171f5a0aRCRD&vgnextoid=a395946be351c010VgnVCM2000000c205a0aRCRD";"ARCENTALES";"AVENIDA";"V";"4";"";"";"";"";"MADRID";"MADRID";"28037";"HELLIN";"SAN BLAS-CANILLEJAS";"447225";"4475668";"40.42996840999023";"-3.622184001035289";"915 888 065";"";"cultusanblas@madrid.es";"/contenido/entidadesYorganismos/AuditoriosSalasConcierto"; 
10662565;"Centro Musical Joaquín Turina";"";"Apertura del centro:  L-V  de 9:30 a 14:30 y de 16:30 a 21:30  Secretaría: L-V  de 10:00 a 14:00 y de 16:30 a 20:30 S de 10:00 a 14:00";"";"Metro: Pinar de Chamartín (líneas 1, 4 y línea 1 metro ligero) Bus: 29, 125, 129, 150";"";"1";"http://www.madrid.es/sites/v/index.jsp?vgnextchannel=bfa48ab43d6bb410VgnVCM100000171f5a0aRCRD&vgnextoid=1dbb0c5b78342610VgnVCM2000001f4a900aRCRD";"DALIA";"CALLE";"V";"4";"";"";"";"";"MADRID";"MADRID";"28033";"COSTILLARES";"CIUDAD LINEAL";"443498";"4481190";"40.47948371546377";"-3.6666068980576436";"913 18 59 28";"";"cmturina@grupotalia.org";"/contenido/entidadesYorganismos/AuditoriosSalasConcierto"; 
4784573;"Costello Café y Nite Club";"";"";"";"Metro: Sevilla (línea 2) Bus: 1, 2, 3, 40, 53, 74, 146, 149, 202";"";"0";"http://www.madrid.es/sites/v/index.jsp?vgnextchannel=bfa48ab43d6bb410VgnVCM100000171f5a0aRCRD&vgnextoid=dec7d383f44e7110VgnVCM1000000b205a0aRCRD";"CABALLERO DE GRACIA";"CALLE";"V";"10";"";"";"";"";"MADRID";"MADRID";"28013";"SOL";"CENTRO";"440656";"4474756";"40.41943745242467";"-3.7008035099107737";"915 221 815";"";"";"/contenido/entidadesYorganismos/AuditoriosSalasConcierto"; 
10187391;"Florida Retiro";"";"";"";"Metro: Ibiza (línea 9)Bus: 20, 26, 63, 152, C1";"";"3";"http://www.madrid.es/sites/v/index.jsp?vgnextchannel=bfa48ab43d6bb410VgnVCM100000171f5a0aRCRD&vgnextoid=c89d12e1c4d48510VgnVCM2000001f4a900aRCRD";"REPUBLICA DE PANAMA";"PASEO";"V";"1";"";"";"";"PARQUE EL RETIRO";"MADRID";"MADRID";"28009";"LOS JERONIMOS";"RETIRO";"442302";"4474384";"40.41808359382662";"-3.6801029355530934";"";"";"";"/contenido/entidadesYorganismos/AuditoriosSalasConcierto"; 
7582981;"Independance Club";"";"";"";"Metro: Estación del Arte (línea 1)Bus: 26, 32, 6, 10, 14, 27, 34, 37, 45, E1Bicimad:Estación 67 (calle Almadén, 28)Estación 81 (Plaza Emperador Carlos V, 11)Estación 50 (calle Santa Isabel, 57)";"";"3";"http://www.madrid.es/sites/v/index.jsp?vgnextchannel=bfa48ab43d6bb410VgnVCM100000171f5a0aRCRD&vgnextoid=faa5f49cf9847410VgnVCM2000000c205a0aRCRD";"ATOCHA";"CALLE";"V";"127";"";"";"";"";"MADRID";"MADRID";"28012";"CORTES";"CENTRO";"441210";"4473454";"40.409630697339814";"-3.6928774759221272";"";"";"";"/contenido/entidadesYorganismos/AuditoriosSalasConcierto"; 
3936;"La Sala Live";"";"";"";"Metro: Eugenia de Montijo (línea 5)Bus: 17, 35";"";"3";"http://www.madrid.es/sites/v/index.jsp?vgnextchannel=bfa48ab43d6bb410VgnVCM100000171f5a0aRCRD&vgnextoid=71b21e79ee71c010VgnVCM1000000b205a0aRCRD";"NUESTRA SEÑORA DE FATIMA";"AVENIDA";"V";"42";"";"";"";"";"MADRID";"MADRID";"28047";"VISTA ALEGRE";"CARABANCHEL";"436558";"4470591";"40.38348754068021";"-3.7474375780696736";"915 255 444";"";"";"/contenido/entidadesYorganismos/AuditoriosSalasConcierto"; 
2390;"Pabellón Multiusos Madrid Arena (Recinto Ferial Casa de Campo)";"Recinto de gran espectacularidad, apropiado para desarrollar ferias, actos deportivos, corporativos o espectáculos. Es un lugar de encuentro para desarrollar grandes eventos. De planta circular y coronado por una imponente cúpula, es extremadamente versátil en cuanto a circulaciones y usos.Se distribuye en tres plantas conectadas entre sí, y está unido a través de un túnel con el Pabellón de Cristal y también con el Pabellón Multiusos Madrid Arena, multiplicando así sus posibilidades. Tiene graderíos retráctiles, lo que permite una gran adaptabilidad a todas las necesidades.";"";"Dispone de vestuarios y camerinos, cafetería, barras y amplias zonas de carga y descarga, con acceso de camiones hasta la pista principal. El aforo está sujeto a la implantación del montaje a realizar.";"Metro: Alto de Extremadura (línea 6), Lago (línea 10)Bus: 31, 33, 36, 39, 65";"";"1";"http://www.madrid.es/sites/v/index.jsp?vgnextchannel=bfa48ab43d6bb410VgnVCM100000171f5a0aRCRD&vgnextoid=c53179262ef5d010VgnVCM1000000b205a0aRCRD";"PRINCIPAL";"AVENIDA";"V";"14";"";"";"";"";"MADRID";"MADRID";"28011";"CASA DE CAMPO";"MONCLOA-ARAVACA";"437456";"4474126";"40.41352730435772";"-3.7384704159174076";"915 787 758";"";"";"/contenido/entidadesYorganismos/AuditoriosSalasConcierto"; 
5452036;"Quiosco de Música - Templete Cantaor José Menese";"Su mantenimiento es competencia de la Junta de Distrito de Latina. Actividades: espectáculos variados durante los meses de verano.";"";"";"Metro: Puerta del Ángel (línea 6).Bus: 138, 31, 33, 36, 39, 65, 25.";"";"1";"http://www.madrid.es/sites/v/index.jsp?vgnextchannel=bfa48ab43d6bb410VgnVCM100000171f5a0aRCRD&vgnextoid=b6013e3860594210VgnVCM2000000c205a0aRCRD";"HUARTE DE SAN JUAN";"PLAZA";"V";"1";"";"";"";"";"MADRID";"MADRID";"28011";"PUERTA DEL ANGEL";"LATINA";"438428";"4473844";"40.412941426753434";"-3.725711256326908";"";"";"";"/contenido/entidadesYorganismos/AuditoriosSalasConcierto"; 
10290803;"Recinto Ferial Vicálvaro";"";"";"";"Metro: Puerta de Arganda (Línea 9).Bus: 100, 106.Cercanías RENFE: Vicálvaro (Líneas C2 y C7).";"";"1";"http://www.madrid.es/sites/v/index.jsp?vgnextchannel=bfa48ab43d6bb410VgnVCM100000171f5a0aRCRD&vgnextoid=883ba0701d0da510VgnVCM1000001d4a900aRCRD";"POLIDEPORTIVO";"PASEO";"V";"142";"";"";"";"";"MADRID";"MADRID";"28032";"CASCO H.VICALVARO";"VICALVARO";"449367";"4473005";"40.40612043638959";"-3.5967323694208435";"";"";"";"/contenido/entidadesYorganismos/AuditoriosSalasConcierto"; 
7034958;"Sala Bogui Jazz";"";"";"";"Metro: Chueca (línea 5)Bus: 3, 37";"";"0";"http://www.madrid.es/sites/v/index.jsp?vgnextchannel=bfa48ab43d6bb410VgnVCM100000171f5a0aRCRD&vgnextoid=758e7f82c43cf310VgnVCM1000000b205a0aRCRD";"BARQUILLO";"CALLE";"V";"29";"";"";"";"";"MADRID";"MADRID";"28004";"JUSTICIA";"CENTRO";"440986";"4474935";"40.42295498321188";"-3.695665063664934";"915 211 568";"";"";"/contenido/entidadesYorganismos/AuditoriosSalasConcierto"; 
6907373;"Sala But";"";"";"";"Metro: Tribunal (líneas 1 y 10)Bus: 149, 40, 21, 37Bicimad: Estación 54 (calle Barceló, 7)";"";"3";"http://www.madrid.es/sites/v/index.jsp?vgnextchannel=bfa48ab43d6bb410VgnVCM100000171f5a0aRCRD&vgnextoid=d6c706172d21e310VgnVCM1000000b205a0aRCRD";"BARCELO";"CALLE";"V";"11";"";"";"";"";"MADRID";"MADRID";"28004";"JUSTICIA";"CENTRO";"440639";"4475377";"40.42690296134917";"-3.699808218271451";"914 480 698";"";"";"/contenido/entidadesYorganismos/AuditoriosSalasConcierto"; 
4072;"Sala Caracol";"";"";"";"Metro: Embajadores (línea 3)Bus: 148, 60, 78, 119, 34, 36, 41Renfe: Embajadores (C5)";"";"3";"http://www.madrid.es/sites/v/index.jsp?vgnextchannel=bfa48ab43d6bb410VgnVCM100000171f5a0aRCRD&vgnextoid=fb6d7b503a71c010VgnVCM1000000b205a0aRCRD";"BERNARDINO OBREGON";"CALLE";"V";"18";"";"";"";"";"MADRID";"MADRID";"28012";"PALOS DE MOGUER";"ARGANZUELA";"440598";"4472833";"40.40399146943472";"-3.700054055340394";"915 273 594";"";"";"/contenido/entidadesYorganismos/AuditoriosSalasConcierto"; 
5870929;"Sala Caravan";"";"";"";"Metro: Iglesia (línea 1)Bus: 5, 16, 61, 37";"";"3";"http://www.madrid.es/sites/v/index.jsp?vgnextchannel=bfa48ab43d6bb410VgnVCM100000171f5a0aRCRD&vgnextoid=874a3a351236c210VgnVCM2000000c205a0aRCRD";"GENERAL MARTINEZ CAMPOS";"PASEO";"V";"17";"";"";"";"";"MADRID";"MADRID";"28010";"ALMAGRO";"CHAMBERI";"440965";"4476291";"40.43515996633578";"-3.696038431827734";"";"";"";"/contenido/entidadesYorganismos/AuditoriosSalasConcierto"; 
6261617;"Sala Cats";"";"";"";"Metro: Guzmán El Bueno (líneas 6 y 7)Bus: 2, 44, 12Bicimad: Estación 203 (calle General Ampudia, 2)";"";"3";"http://www.madrid.es/sites/v/index.jsp?vgnextchannel=bfa48ab43d6bb410VgnVCM100000171f5a0aRCRD&vgnextoid=bf50b3649b134310VgnVCM2000000c205a0aRCRD";"JULIAN ROMEA";"CALLE";"V";"4";"";"";"";"";"MADRID";"MADRID";"28003";"VALLEHERMOSO";"CHAMBERI";"439516";"4477143";"40.44274003088835";"-3.713202488642481";"";"";"";"/contenido/entidadesYorganismos/AuditoriosSalasConcierto"; 
3891;"Sala Clamores";"";"";"";"Metro: Bilbao (líneas 1, 4) Bus: 3, 37, 40, 147";"";"0";"http://www.madrid.es/sites/v/index.jsp?vgnextchannel=bfa48ab43d6bb410VgnVCM100000171f5a0aRCRD&vgnextoid=bfa7b069a541f010VgnVCM1000000b205a0aRCRD";"ALBURQUERQUE";"CALLE";"V";"14";"";"";"";"";"MADRID";"MADRID";"28010";"TRAFALGAR";"CHAMBERI";"440546";"4475846";"40.431121286721805";"-3.7009483655353894";"914 457 938";"";"";"/contenido/entidadesYorganismos/AuditoriosSalasConcierto"; 
4651794;"Sala Colonial Norte";"";"";"";"Metro: Príncipe Pío (línea 6, 10, R) Bus: 25, 33, 39, 41, 46, 75, 138, 333 Renfe: Príncipe Pío";"";"1";"http://www.madrid.es/sites/v/index.jsp?vgnextchannel=bfa48ab43d6bb410VgnVCM100000171f5a0aRCRD&vgnextoid=8db325bdd2145110VgnVCM1000000b205a0aRCRD";"FLORIDA";"PASEO";"V";"s/n";"";"";"";"";"MADRID";"MADRID";"28008";"CASA DE CAMPO";"MONCLOA-ARAVACA";"438948";"4474919";"40.42078197104075";"-3.7209625681527148";"915 401 848";"";"";"/contenido/entidadesYorganismos/AuditoriosSalasConcierto"; 
4919012;"Sala Contraclub";"";"";"";"Metro: La Latina (línea 5)Bus: 3Bicimad: Estación 166 (calle Segovia, 26)";"";"3";"http://www.madrid.es/sites/v/index.jsp?vgnextchannel=bfa48ab43d6bb410VgnVCM100000171f5a0aRCRD&vgnextoid=cdd1e822e5a0a110VgnVCM2000000c205a0aRCRD";"BAILEN";"CALLE";"V";"16";"";"";"";"";"MADRID";"MADRID";"28005";"PALACIO";"CENTRO";"439426";"4473790";"40.41252819937501";"-3.7139441766173196";"";"";"";"/contenido/entidadesYorganismos/AuditoriosSalasConcierto"; 
71529;"Sala Copérnico";"";"";"";"Metro: Moncloa (línea 3, 6)Bus: 2, 16, 61Bicimad: Estación 199 (calle Fernando el Católico, 61)";"";"3";"http://www.madrid.es/sites/v/index.jsp?vgnextchannel=bfa48ab43d6bb410VgnVCM100000171f5a0aRCRD&vgnextoid=66065cee4051c010VgnVCM2000000c205a0aRCRD";"FERNANDEZ DE LOS RIOS";"CALLE";"V";"67";"";"";"";"esquina Guzmán el Bueno";"MADRID";"MADRID";"28015";"GAZTAMBIDE";"CHAMBERI";"439467";"4476313";"40.43525047036905";"-3.713701064096741";"915 626 256";"";"";"/contenido/entidadesYorganismos/AuditoriosSalasConcierto"; 
7034838;"Sala El Intruso";"";"";"";"Metro: Chueca (línea 5)Bus: 3";"";"3";"http://www.madrid.es/sites/v/index.jsp?vgnextchannel=bfa48ab43d6bb410VgnVCM100000171f5a0aRCRD&vgnextoid=324dcb8f023cf310VgnVCM1000000b205a0aRCRD";"AUGUSTO FIGUEROA";"CALLE";"V";"3";"";"";"";"";"MADRID";"MADRID";"28004";"JUSTICIA";"CENTRO";"440603";"4474946";"40.42301774321945";"-3.700192322455185";"915 318 996";"";"";"/contenido/entidadesYorganismos/AuditoriosSalasConcierto"; 
4923127;"Sala El Junco";"";"";"";"Metro: Alonso Martínez (línea 4, 5, 10)Bus: 3, 37, 21";"";"3";"http://www.madrid.es/sites/v/index.jsp?vgnextchannel=bfa48ab43d6bb410VgnVCM100000171f5a0aRCRD&vgnextoid=164c6dae2d92a110VgnVCM1000000b205a0aRCRD";"SANTA BARBARA";"PLAZA";"V";"10";"";"";"";"";"MADRID";"MADRID";"28004";"JUSTICIA";"CENTRO";"440929";"4475324";"40.42644622598295";"-3.6963729868257307";"913 192 081";"";"";"/contenido/entidadesYorganismos/AuditoriosSalasConcierto"; 
3917;"Sala El Sol";"";"";"";"Metro: Gran Vía (línea 1, 5)Bus: 1, 146,2, 46, 74, 15, 150, 20, 5, 51, 53, 3Bicimad:Estación 210 (calle Tres Cruces, 7)Estación 56 (Plaza del Carmen, 1)";"";"3";"http://www.madrid.es/sites/v/index.jsp?vgnextchannel=bfa48ab43d6bb410VgnVCM100000171f5a0aRCRD&vgnextoid=c20eff632081c010VgnVCM1000000b205a0aRCRD";"JARDINES";"CALLE";"V";"3";"";"";"";"";"MADRID";"MADRID";"28013";"SOL";"CENTRO";"440477";"4474497";"40.41896393620347";"-3.7016354977769943";"915 326 490";"";"";"/contenido/entidadesYorganismos/AuditoriosSalasConcierto"; 
4676603;"Sala Galileo Galilei";"";"";"";"Metro: Islas Filipinas (línea 7), Canal (línea 2, 7)Bus: 2, 122";"";"3";"http://www.madrid.es/sites/v/index.jsp?vgnextchannel=bfa48ab43d6bb410VgnVCM100000171f5a0aRCRD&vgnextoid=b0aea3fc6abe5110VgnVCM1000000b205a0aRCRD";"GALILEO";"CALLE";"V";"100";"";"";"";"";"MADRID";"MADRID";"28015";"ARAPILES";"CHAMBERI";"439798";"4476674";"40.438535474658956";"-3.709844851840886";"915 347 557 / 915 347 558";"";"";"/contenido/entidadesYorganismos/AuditoriosSalasConcierto"; 
7035148;"Sala Gruta 77";"";"";"";"Metro: Oporto (líneas 5 y 6)Bus: 34, 35, 108, 118";"";"3";"http://www.madrid.es/sites/v/index.jsp?vgnextchannel=bfa48ab43d6bb410VgnVCM100000171f5a0aRCRD&vgnextoid=2782ac07d83cf310VgnVCM1000000b205a0aRCRD";"CUCLILLO";"CALLE";"V";"6";"";"";"";"";"MADRID";"MADRID";"28019";"SAN ISIDRO";"CARABANCHEL";"437924";"4471401";"40.390941489181294";"-3.7314016068733746";"914 712 370";"";"";"/contenido/entidadesYorganismos/AuditoriosSalasConcierto"; 
3908;"Sala Joy Madrid";"";"";"";"Metro: Sol (línea 1, 2, 3), Opera (línea R, 2, 5)Bus: 3, 5, 15, 20, 25, 39, 50, 51, 52, 53, 150";"";"0";"http://www.madrid.es/sites/v/index.jsp?vgnextchannel=bfa48ab43d6bb410VgnVCM100000171f5a0aRCRD&vgnextoid=5c821e79ee71c010VgnVCM1000000b205a0aRCRD";"ARENAL";"CALLE";"V";"11";"";"";"";"";"MADRID";"MADRID";"28013";"SOL";"CENTRO";"440063";"4474296";"40.41713252694655";"-3.706496299663565";"913 663 733";"";"";"/contenido/entidadesYorganismos/AuditoriosSalasConcierto"; 
7397202;"Sala La Chocita del Loro Senator";"";"";"";"Metro: Plaza de España (línea 3, 10)Bus: 148, 3, 46, 75, 133, 44, 7, 2, 74, 25, 147, 39, 62";"";"3";"http://www.madrid.es/sites/v/index.jsp?vgnextchannel=bfa48ab43d6bb410VgnVCM100000171f5a0aRCRD&vgnextoid=bfce2572f35d4410VgnVCM1000000b205a0aRCRD";"GRAN VIA";"CALLE";"V";"70";"";"";"";"";"MADRID";"MADRID";"28013";"UNIVERSIDAD";"CENTRO";"439814";"4474920";"40.42272689593852";"-3.709478249954353";"915 242 503";"";"";"/contenido/entidadesYorganismos/AuditoriosSalasConcierto"; 
11014228;"Sala La Chocita del Loro. Avenida del Brasil";"";"";"";"Metro: Cuzco (línea 10)Bus: 126, 5, 149";"";"3";"http://www.madrid.es/sites/v/index.jsp?vgnextchannel=bfa48ab43d6bb410VgnVCM100000171f5a0aRCRD&vgnextoid=bfa5553c74a1d610VgnVCM2000001f4a900aRCRD";"BRASIL";"AVENIDA";"V";"17";"";"";"";"";"MADRID";"MADRID";"28020";"CASTILLEJOS";"TETUAN";"441186";"4478722";"40.45708442003698";"-3.693648618521931";"";"";"";"/contenido/entidadesYorganismos/AuditoriosSalasConcierto"; 
7397298;"Sala La Chocita del Loro. Calle Doctor Urquiola";"";"";"";"Metro: Carabanchel (línea 5)Bus: 17, 35";"";"3";"http://www.madrid.es/sites/v/index.jsp?vgnextchannel=bfa48ab43d6bb410VgnVCM100000171f5a0aRCRD&vgnextoid=df5ec0b5d45d4410VgnVCM1000000b205a0aRCRD";"DOCTOR URQUIOLA";"CALLE";"V";"23";"";"";"";"";"MADRID";"MADRID";"28025";"VISTA ALEGRE";"CARABANCHEL";"436883";"4471046";"40.387620073190725";"-3.7436541570839834";"914 622 258";"";"";"/contenido/entidadesYorganismos/AuditoriosSalasConcierto"; 
7397234;"Sala La Chocita del Loro. Calle Hermosilla";"";"";"";"Metro: Goya (líneas 2 y 4)  Bus: 21, 53, 26, 61, 146Bicimad: Estación 91 (calle Hermosilla, 70)";"";"3";"http://www.madrid.es/sites/v/index.jsp?vgnextchannel=bfa48ab43d6bb410VgnVCM100000171f5a0aRCRD&vgnextoid=64452572f35d4410VgnVCM1000000b205a0aRCRD";"HERMOSILLA";"CALLE";"V";"77";"";"";"";"";"MADRID";"MADRID";"28001";"GOYA";"SALAMANCA";"442505";"4475273";"40.42610621133237";"-3.67779065226415";"914 353 046";"";"";"/contenido/entidadesYorganismos/AuditoriosSalasConcierto"; 
7326606;"Sala Lemon";"";"";"";"Metro: Santiago Bernabeu (línea 10)Bus: 5, 149Bicimad: Estación 154 (calle Orense, 36)";"";"3";"http://www.madrid.es/sites/v/index.jsp?vgnextchannel=bfa48ab43d6bb410VgnVCM100000171f5a0aRCRD&vgnextoid=51e99b8dada24410VgnVCM2000000c205a0aRCRD";"BRASIL";"AVENIDA";"V";"5";"";"";"";"";"MADRID";"MADRID";"28020";"CUATRO CAMINOS";"TETUAN";"441151";"4478434";"40.454487186392804";"-3.694056023965524";"";"";"";"/contenido/entidadesYorganismos/AuditoriosSalasConcierto"; 
45318;"Sala Marco Aldany (Arena)";"";"";"";"Metro: Plaza de España (línea 3, 10)Bus: 132, 82, 1, 138, 44, C1, 83, 62, C2, 46, 133, 16, 61Bicimad: Estación 111 a y b (calle Arcipreste de Hita, 12)";"";"3";"http://www.madrid.es/sites/v/index.jsp?vgnextchannel=bfa48ab43d6bb410VgnVCM100000171f5a0aRCRD&vgnextoid=a44b7589f451c010VgnVCM1000000b205a0aRCRD";"PRINCESA";"CALLE";"V";"1";"";"";"";"";"MADRID";"MADRID";"28008";"ARGUELLES";"MONCLOA-ARAVACA";"439590";"4475122";"40.42453036844387";"-3.7121377807968265";"915 475 711";"";"";"/contenido/entidadesYorganismos/AuditoriosSalasConcierto"; 
4676668;"Sala Moby Dick";"";"";"";"Metro: Santiago Bernabeu (línea 10)Bus: 5, 149Bicimad: Estación 154 (calle Orense, 36)";"";"3";"http://www.madrid.es/sites/v/index.jsp?vgnextchannel=bfa48ab43d6bb410VgnVCM100000171f5a0aRCRD&vgnextoid=e2c1f1480bbe5110VgnVCM1000000b205a0aRCRD";"BRASIL";"AVENIDA";"V";"5";"";"";"";"";"MADRID";"MADRID";"28020";"CUATRO CAMINOS";"TETUAN";"441151";"4478434";"40.454487186392804";"-3.694056023965524";"915 557 671";"";"";"/contenido/entidadesYorganismos/AuditoriosSalasConcierto"; 
5942340;"Sala Mon Madrid";"";"";"";"Metro: Moncloa (Líneas 3, 6) Bus: 16, 61, 1, 132, 138, 44, 62, 82, C1, C2, 83";"";"3";"http://www.madrid.es/sites/v/index.jsp?vgnextchannel=bfa48ab43d6bb410VgnVCM100000171f5a0aRCRD&vgnextoid=d2834ff84bbed210VgnVCM1000000b205a0aRCRD";"HILARION ESLAVA";"CALLE";"V";"36";"";"";"";"";"MADRID";"MADRID";"28015";"GAZTAMBIDE";"CHAMBERI";"439230";"4476386";"40.435890728108525";"-3.716513924076727";"";"";"";"/contenido/entidadesYorganismos/AuditoriosSalasConcierto"; 
7201258;"Sala Shôko Madrid";"";"";"";"Metro: La Latina (línea 5)Bus: 17, 18, 23, 35";"";"0";"http://www.madrid.es/sites/v/index.jsp?vgnextchannel=bfa48ab43d6bb410VgnVCM100000171f5a0aRCRD&vgnextoid=a392d81f4c892410VgnVCM2000000c205a0aRCRD";"TOLEDO";"CALLE";"V";"86";"";"";"";"";"MADRID";"MADRID";"28005";"PALACIO";"CENTRO";"439707";"4473364";"40.40870191378051";"-3.7106037876286355";"913 541 680 / 902 027 174";"";"";"/contenido/entidadesYorganismos/AuditoriosSalasConcierto"; 
106926;"Sala Taboó";"";"";"";"Metro: Tribunal (línea 1, 10)Bus: M2Bicimad: Estación 11 (calle San Andrés, 18)Estación 59 (calle Espíritu Santo, 30)";"";"3";"http://www.madrid.es/sites/v/index.jsp?vgnextchannel=bfa48ab43d6bb410VgnVCM100000171f5a0aRCRD&vgnextoid=04cf2189cb81c010VgnVCM1000000b205a0aRCRD";"SAN VICENTE FERRER";"CALLE";"V";"23";"";"";"";"";"MADRID";"MADRID";"28004";"UNIVERSIDAD";"CENTRO";"440351";"4475239";"40.425639265705044";"-3.7031784227757";"915 241 189";"";"";"/contenido/entidadesYorganismos/AuditoriosSalasConcierto"; 
7035002;"Sala Tempo Club";"";"";"";"Metro: Plaza de España (líneas 3 y 10)Bus: 1, 133, 138, 2, 44, 62, 44, 62, 74, C1, C2, 39Bicimad: Estación 116 a y b (Plaza de España)";"";"3";"http://www.madrid.es/sites/v/index.jsp?vgnextchannel=bfa48ab43d6bb410VgnVCM100000171f5a0aRCRD&vgnextoid=aec1b043653cf310VgnVCM1000000b205a0aRCRD";"DUQUE DE OSUNA";"CALLE";"V";"8";"";"";"";"";"MADRID";"MADRID";"28015";"UNIVERSIDAD";"CENTRO";"439610";"4475206";"40.425297538012565";"-3.711910103061732";"915 477 518";"";"";"/contenido/entidadesYorganismos/AuditoriosSalasConcierto"; 
10187413;"Tablao Flamenco Café Ziryab";"";"";"";"Metro: Acacias (línea 5), Embajadores (línea 3), Pirámides (línea 5).Bus: 34, 36, 62, 116, 118, 119.Cercanías: Pirámides (líneas C1, C7, C10), Embajadores (línea C5).";"";"3";"http://www.madrid.es/sites/v/index.jsp?vgnextchannel=bfa48ab43d6bb410VgnVCM100000171f5a0aRCRD&vgnextoid=504212e1c4d48510VgnVCM2000001f4a900aRCRD";"ESPERANZA";"PASEO";"V";"17";"";"";"";"";"MADRID";"MADRID";"28005";"ACACIAS";"ARGANZUELA";"440164";"4472643";"40.402248850411304";"-3.705138659259797";"618 103 803";"";"anja@cafeziryab.com";"/contenido/entidadesYorganismos/Teatros"; 
10187560;"Tablao Flamenco Candela";"";"";"";"Metro: Antón Martín (línea 1).Bus: M1, 6, 26, 32.";"";"3";"http://www.madrid.es/sites/v/index.jsp?vgnextchannel=bfa48ab43d6bb410VgnVCM100000171f5a0aRCRD&vgnextoid=be49b096d9d48510VgnVCM2000001f4a900aRCRD";"OLMO";"CALLE";"V";"2";"";"";"";"";"MADRID";"MADRID";"28012";"EMBAJADORES";"CENTRO";"440476";"4473665";"40.411468882602335";"-3.70155764657445";"914 673 382";"";"info@flamencocandela.com";"/contenido/entidadesYorganismos/Teatros"; 
10187763;"Tablao Flamenco Cardamomo";"";"";"";"Metro: Sevilla (línea 2), Antón Martín (línea 1).Bus: M1, 3, 51, 53.";"";"3";"http://www.madrid.es/sites/v/index.jsp?vgnextchannel=bfa48ab43d6bb410VgnVCM100000171f5a0aRCRD&vgnextoid=1657b096d9d48510VgnVCM2000001f4a900aRCRD";"ECHEGARAY";"CALLE";"V";"15";"";"";"";"";"MADRID";"MADRID";"28014";"CORTES";"CENTRO";"440650";"4474106";"40.415463057589214";"-3.699548238936712";"918 051 038";"";"reservas@cardamomo.com";"/contenido/entidadesYorganismos/Teatros"; 
7091909;"Tablao Flamenco Casa Patas";"";"";"";"Metro: Tirso de Molina (línea 1).Bus: M1, 6, 26, 32.";"";"3";"http://www.madrid.es/sites/v/index.jsp?vgnextchannel=bfa48ab43d6bb410VgnVCM100000171f5a0aRCRD&vgnextoid=bf256036342f0410VgnVCM2000000c205a0aRCRD";"CA&amp;Ntilde;IZARES";"CALLE";"V";"10";"";"";"";"";"MADRID";"MADRID";"28012";"EMBAJADORES";"CENTRO";"440463";"4473805";"40.412729068876004";"-3.7017357416661167";"913 600 200";"913 600 200";"info@casapatas.com";"/contenido/entidadesYorganismos/Teatros"; 
10187520;"Tablao Flamenco Corral de la Morería";"";"";"";"Metro: La Latina (línea 5).Bus: 31, 50, 65, 3, 148.";"";"3";"http://www.madrid.es/sites/v/index.jsp?vgnextchannel=bfa48ab43d6bb410VgnVCM100000171f5a0aRCRD&vgnextoid=d23712e1c4d48510VgnVCM2000001f4a900aRCRD";"MORERIA";"CALLE";"V";"17";"";"";"";"";"MADRID";"MADRID";"28005";"PALACIO";"CENTRO";"439399";"4473810";"40.412706403145705";"-3.7142642886798996";"913 658 446";"";"info@corraldelamoreria.com";"/contenido/entidadesYorganismos/Teatros"; 
7091929;"Tablao Flamenco Las Carboneras";"";"";"";"Metro: Sol (líneas 1, 2, 3), Tirso de Molina (línea 1), Ópera (línea 5).Bus: 3, 17, 18, 23, 31, 50, 65.Cercanías Renfe: Sol (líneas C3, C4).";"";"3";"http://www.madrid.es/sites/v/index.jsp?vgnextchannel=bfa48ab43d6bb410VgnVCM100000171f5a0aRCRD&vgnextoid=87c76036342f0410VgnVCM2000000c205a0aRCRD";"CONDE DE MIRANDA";"PLAZA";"V";"1";"";"";"";"";"MADRID";"MADRID";"28005";"PALACIO";"CENTRO";"439811";"4474033";"40.41473610515185";"-3.7094414579182207";"915 428 677";"";"sugerencias@tabalaolascarboneras.com";"/contenido/entidadesYorganismos/AuditoriosSalasConcierto"; 
10187547;"Tablao Flamenco Torres Bermejas";"";"";"";"Metro: Callao (línea 3 y 5), Gran Vía (línea 1 y 5).Bus: 1, 2, 3, 44, 46, 74, 75, 146, 147, 148, M2.Cercanías Renfe: Sol (líneas C3, C4).";"";"3";"http://www.madrid.es/sites/v/index.jsp?vgnextchannel=bfa48ab43d6bb410VgnVCM100000171f5a0aRCRD&vgnextoid=8168b096d9d48510VgnVCM2000001f4a900aRCRD";"MESONERO ROMANOS";"CALLE";"V";"11";"";"";"";"";"MADRID";"MADRID";"28013";"SOL";"CENTRO";"440261";"4474600";"40.419885409942566";"-3.7041793844860695";"915 323 322";"915 215 182";"reservas@torresbermejas.com";"/contenido/entidadesYorganismos/Teatros"; 
10187829;"Tablao Flamenco Villa Rosa";"";"";"";"Metro: Sol (línea 1, 2 y 3), Antón Martín (línea 1).Bus: 3, 5, 6, 9, 15, 20, 26, 32, 51, 52, 53, 65, 150, M1.";"";"3";"http://www.madrid.es/sites/v/index.jsp?vgnextchannel=bfa48ab43d6bb410VgnVCM100000171f5a0aRCRD&vgnextoid=87fc62905fd48510VgnVCM2000001f4a900aRCRD";"SANTA ANA";"PLAZA";"V";"15";"";"";"";"";"MADRID";"MADRID";"28012";"CORTES";"CENTRO";"440490";"4474047";"40.414920132021535";"-3.7014284781662314";"915 213 689";"";"info@tablaoflamencovillarosa.com";"/contenido/entidadesYorganismos/Teatros"; 
3926;"Teatro Kapital";"";"";"";"Metro: Estación del Arte (Atocha) (línea 1)Bus: 26, 32, 6, 10, 14, 27, 34, 37, 45, E1Renfe: AtochaBicimad:Estación 67 (calle Almadén, 28)Estación 81 (Plaza Emperador Carlos V, 11)Estación 57 (calle Santa Isabel, 57)";"";"3";"http://www.madrid.es/sites/v/index.jsp?vgnextchannel=bfa48ab43d6bb410VgnVCM100000171f5a0aRCRD&vgnextoid=ee921e79ee71c010VgnVCM1000000b205a0aRCRD";"ATOCHA";"CALLE";"V";"125";"";"";"";"";"MADRID";"MADRID";"28012";"CORTES";"CENTRO";"441189";"4473464";"40.40971786463593";"-3.6931362362669597";"914 202 906";"";"";"/contenido/entidadesYorganismos/AuditoriosSalasConcierto"; 
2196;"Teatro Real";"Proyectado por Antonio López Aguado en 1818 siguiendo la tipología clásica de teatros del siglo XVIII. Intervienen en su construcción Custodio Moreno e Isidro González Velázquez. De planta irregular hexagonal, presenta dos fachadas principales: una orientada a la plaza de Isabel II, con poca decoración, y la otra al Palacio Real y plaza de Oriente, realizada por González Velázquez y más ornamentada. En el interior destaca el techo de la Gran Sala pintado por Lucas y la lámpara de bronce dorado. En 1925 se cierra por amenaza de ruina y se inicia su reconstrucción a partir de 1940. El 11 de octubre de 1997 se abre como teatro de ópera.";"Taquillas (plaza de Oriente, s/n): de lunes a viernes, de 10 a 14 y de 16 a 20 horas. Sábados con función, de 10 a 14 y de 16 a 20 horas. Domingos y festivos con función, dos horas antes de la representación. Cerrado sábados, domingos y festivos sin función. S Servicio de venta telefónica (902 24 48 48): de lunes a viernes, de 10 a 14 y de 16 a 20 horas. Cerrado sábados, domingos y festivos.";"Restaurante Tienda especializada de música, libros y material relacionadoVisitas guiadas: Con audioguía. Tarifa básica: 7 euros. Disponible en español, inglés, francés, chino e italiano. Visita general con guía: Tarifa básica: 8 euros Visita artística con guía: Tarifa básica: 12 euros Visita técnica con guía: Tarifa básica: 16 euros Visitas nocturnas con guía: Tarifa: 30 eurosMás información en Teatro Real";"Metro: Ópera (líneas 2, 5 y Ramal Opera-Príncipe Pío)Bus: 25, 39Bicimad: Estación 24 (calle Carlos III, 1)";"Venta de localidades Servicio de venta telefónica: 902 24 48 48Venta en Internet: http://www.teatro-real.com/ Taquillas: plaza de Oriente, s/n Sugerencias y reclamaciones: info@teatroreal.es";"3";"http://www.madrid.es/sites/v/index.jsp?vgnextchannel=bfa48ab43d6bb410VgnVCM100000171f5a0aRCRD&vgnextoid=6fc179262ef5d010VgnVCM1000000b205a0aRCRD";"ISABEL II";"PLAZA";"V";"1";"";"";"";"";"MADRID";"MADRID";"28013";"PALACIO";"CENTRO";"439834";"4474367";"40.417755675106605";"-3.7091902837192046";"915 160 600 (Oficinas)                               
915 160 660 (Taquilla)                                                                  
902 244 848 (Información y venta telefónica)";"915 160 651";"info@teatroreal.es";"/contenido/entidadesYorganismos/AuditoriosSalasConcierto"; 
122295;"Templete de Música - Parque de La Bombilla";"Su mantenimiento es competencia de la Junta de Distrito de Moncloa - Aravaca. Actividades: espectáculos variados durante los meses de verano.";"";"";"Bus: 41, 46 y 75.Metro: Príncipe Pío (líneas 6, 10 y Ramal).Cercanías RENFE: Príncipe Pío (líneas C1, C7 y C10).";"";"2";"http://www.madrid.es/sites/v/index.jsp?vgnextchannel=bfa48ab43d6bb410VgnVCM100000171f5a0aRCRD&vgnextoid=9233cbf06c81c010VgnVCM1000000b205a0aRCRD";"SAN ANTONIO DE LA FLORIDA";"GLORIETA";"V";"9";"";"";"";"";"MADRID";"MADRID";"28008";"CASA DE CAMPO";"MONCLOA-ARAVACA";"438418";"4475299";"40.426047943114646";"-3.725969994297979";"";"";"";"/contenido/entidadesYorganismos/AuditoriosSalasConcierto"; 
183595;"Templete del Parque de Fuencarral";"";"";"";"BUS: 66 , 137";"";"";"http://www.madrid.es/sites/v/index.jsp?vgnextchannel=bfa48ab43d6bb410VgnVCM100000171f5a0aRCRD&vgnextoid=4db40e4e6d41c010VgnVCM2000000c205a0aRCRD";"CAMPO DE CALATRAVA";"AVENIDA";"NUM";"31";"";"";"";"ZONA DEL MIRADOR DEL PARQUE DE FUENCARRAL";"MADRID";"MADRID";"28034";"VALVERDE";"FUENCARRAL-EL PARDO";"441776";"4483780";"40.500808752745556";"-3.6884435557408377";"S/T";"";"";"/contenido/entidadesYorganismos/AuditoriosSalasConcierto"; 
