NÈMERO CATµLOGO;CATALOGACI‡N PG97;CATALOGACI‡N A 27/07/18;BIC_BIP;DENOMINACI‡N;OBSERVACIONES;VIA_CLASE_TX;VIA_NOMBRE;APP_NUM;APP_CLF;UTMX_ETRS;UTMY_ETRS
29764;Ambiental;Desaparecido por Demolici¢n Total;;;;CALLE;MAR DE BERING;2;D;445541,4;4480458,48
11268;Ambiental;Desaparecido por Demolici¢n Total;;;;CALLE;MAGALLANES;22;;440158,75;4476171,49
30525;Ambiental;Desaparecido por Demolici¢n Total;;;;CALLE;HUERTA DEL CONVENTO;13;;448787,36;4472400,17
15086;Ambiental;Desaparecido por Demolici¢n Total;;;;CALLE;CONDE DE PE•ALVER;70;;442751,94;4475901,28
30212;Ambiental;Desaparecido por Demolici¢n Total;;;;CALLE;PUERTO DEL SUEBE;6;;443615,26;4471953,94
30182;Ambiental;Desaparecido por Demolici¢n Total;;;;CALLE;NICOLAS SANCHEZ;43;;440072,37;4470670,34
30166;Ambiental;Desaparecido por Demolici¢n Total;;;;AVENIDA;MONTE IGUELDO;16;;443278,23;4471979,89
30530;Ambiental;Descatalogado;;;Don Antonio de AndrÇs, 14 y 17;PLAZA;DON ANTONIO DE ANDRES;14;;448626,92;4472586,79
15280;Ambiental;Desaparecido por Demolici¢n Total;;;;CALLE;JOSE ORTEGA Y GASSET;82;;442912,36;4475661,51
30531;Ambiental;Desaparecido por Demolici¢n Total;;;;CALLE;FUENTES DE SAN JORGE;2;;448616,9;4472510,09
29763;Ambiental;Desaparecido por Demolici¢n Total;;;;CALLE;AURELIO GONZALEZ DE GREGORIO;25;;441776,69;4482917,62
29351;Ambiental;Descatalogado;;;;CALLE;ACUARIO;25;;450878,4;4480605,47
29271;Ambiental;Desaparecido por Demolici¢n Total;;;;CALLE;LUIS CABRERA;26;;442653,68;4477011,12
29249;Ambiental;Desaparecido por Demolici¢n Total;;;;CALLE;NUESTRA SE•ORA DE VALVERDE;105;;441766,56;4483148,28
29236;Ambiental;Descatalogado;;;;CALLE;PROTASIO GOMEZ;7;;445903,59;4476756,35
29235;Ambiental;Desaparecido por Demolici¢n Total;;;;CALLE;GENERAL ARANAZ;51;;445757,64;4477236,51
29086;Ambiental;Desaparecido por Demolici¢n Total;;;;CALLE;NUESTRA SE•ORA DE VALVERDE;50;;441733,66;4482913,73
15241;Ambiental;Desaparecido por Demolici¢n Total;;;;CALLE;JOSE ORTEGA Y GASSET;56;;442610,22;4475683,18
14070;Ambiental;Desaparecido por Demolici¢n Total;;;;CALLE;GENERAL ORAA;34;;442136,57;4476376,5
11317;Ambiental;Desaparecido por Demolici¢n Total;;;;GLORIETA;QUEVEDO;2;;440224,55;4476089,29
11723;Ambiental;Desaparecido por Demolici¢n Total;;;Viriato 43 y 43 A;CALLE;VIRIATO;43;;440679,53;4476372,21
12045;Ambiental;Desaparecido por Demolici¢n Total;;;;CALLE;QUESADA;12;;440571,95;4476171,82
12081;Ambiental;Desaparecido por Demolici¢n Total;;;;CALLE;JUAN DE AUSTRIA;19;;440640,91;4476096,71
12193;Ambiental;Desaparecido por Demolici¢n Total;;;;CALLE;JUAN DE AUSTRIA;7;;440682,89;4475958,3
12384;Ambiental;Desaparecido por Demolici¢n Total;;;;CALLE;MANUEL GONZALEZ LONGORIA;10;;440894,68;4475566,07
30527;Ambiental;Desaparecido por Demolici¢n Total;;;;PLAZA;DON ANTONIO DE ANDRES;4;;448587,56;4472542,86
13367;Ambiental;Desaparecido por Demolici¢n Total;;;;CALLE;FERNANDEZ DE LA HOZ;63;;441106,57;4476922,71
29024;Ambiental;Desaparecido por Demolici¢n Total;;;;CALLE;ERASO;41;;443235,29;4476266,24
14103;Ambiental;Ambiental;;;;CALLE;GENERAL ORAA;54;;442323,04;4476362,6
14208;Ambiental;Desaparecido por Demolici¢n Total;;;;CALLE;VELAZQUEZ;85;;442015,59;4476097,78
30600;Ambiental;Desaparecido por Demolici¢n Total;;;;CALLE;EUGENIA DE MONTIJO;43;;436895,95;4470375,63
14771;Ambiental;Desaparecido por Demolici¢n Total;;;;CALLE;CONDE DE PE•ALVER;24;;442718,49;4475446,58
30586;Ambiental;Desaparecido por Demolici¢n Total;;;Blas¢n, del 10 A al 10 C;CALLE;BLASON;10;A;437144,18;4470359,63
30539;Ambiental;Desaparecido por Demolici¢n Total;;;;AVENIDA;REAL;23;;448392,25;4472659,21
20758;Ambiental;Desaparecido por Demolici¢n Total;;;;CALLE;EMBAJADORES;142;;440818,45;4472136,3
12838;Ambiental;Desaparecido por Demolici¢n Total;;;;CALLE;VIRTUDES;22;;440755,54;4476591,05
25119;Ambiental;Desaparecido por Demolici¢n Total;;;;CALLE;JORGE MANRIQUE;14;;441598,12;4477199,1
18441;Ambiental;Desaparecido por Demolici¢n Total;;;;CALLE;GRANADA;58;;442744,82;4472660,52
19573;Ambiental;Desaparecido por Demolici¢n Total;;;;CALLE;TOLEDO;128;;439534,53;4472994,23
26473;Ambiental;Desaparecido por Demolici¢n Total;;;;CALLE;CASTELLO;65;;442209,34;4475606,16
26383;Ambiental;Desaparecido por Demolici¢n Total;;;;CALLE;GARCIA DE PAREDES;14;;440478,14;4476482,94
20184;Ambiental;Desaparecido por Demolici¢n Total;;;;CALLE;GENERAL LACY;3;;441411,62;4472861,87
26254;Ambiental;Desaparecido por Demolici¢n Total;;;;CALLE;MANUELA MALASA•A;6;;440360,89;4475576,15
29058;Ambiental;Desaparecido por Demolici¢n Total;;;;CALLE;PILAR DE ZARAGOZA;62;;443021,86;4476380,8
25728;Ambiental;Desaparecido por Demolici¢n Total;;;;CALLE;CARIDAD;21;;442695,15;4472642,58
17226;Ambiental;Ambiental;;;;CALLE;POVEDILLA;9;;443158,41;4475014,73
20683;Ambiental;Desaparecido por Demolici¢n Total;;;;CALLE;EMBAJADORES;109;;440780,25;4472280,23
20684;Ambiental;Desaparecido por Demolici¢n Total;;;;CALLE;EMBAJADORES;107;;440775,2;4472289,85
21286;Ambiental;Desaparecido por Demolici¢n Total;;;;CALLE;EMBAJADORES;167;;441014,12;4471833,81
21283;Ambiental;Desaparecido por Demolici¢n Total;;;;PASEO;DELICIAS;118;;441034,36;4471847,99
21170;Ambiental;Desaparecido por Demolici¢n Total;;;;CALLE;EMBAJADORES;162;;440903,58;4471972,04
21104;Ambiental;Desaparecido por Demolici¢n Total;;;;CALLE;RAMIREZ DE PRADO;12;;441766,22;4472286,14
21103;Ambiental;Desaparecido por Demolici¢n Total;;;;CALLE;RAMIREZ DE PRADO;12;;441766,22;4472286,14
20456;Ambiental;Desaparecido por Demolici¢n Total;;;;CALLE;FERROCARRIL;4;B;441059,53;4472499,18
28512;Ambiental;Desaparecido por Demolici¢n Total;;;;PLAZA;CAPUCHINOS;1;;434124,64;4485655,78
30541;Ambiental;Desaparecido por Demolici¢n Total;;;;AVENIDA;REAL;27;;448355,97;4472681,08
28783;Ambiental;Desaparecido por Demolici¢n Total;;;;CALLE;BERENISA;11;;433842,89;4478902,08
28781;Ambiental;Desaparecido por Demolici¢n Total;;;;CALLE;BERENISA;19;;433796,22;4478892,48
28576;Ambiental;Desaparecido por Demolici¢n Total;;;;PLAZA;NUESTRA SE•ORA DEL BUEN CAMINO;2;;433681,91;4478811,64
28555;Ambiental;Desaparecido por Demolici¢n Total;;;;CALLE;EL BOYERO;16;;433803,17;4478848,36
28554;Ambiental;Desaparecido por Demolici¢n Total;;;Boyero, 14 A y 14 B;CALLE;EL BOYERO;14;B;433793,67;4478846,8
28552;Ambiental;Desaparecido por Demolici¢n Total;;;;CALLE;EL BOYERO;10;;433770,14;4478843,21
18431;Ambiental;Desaparecido por Demolici¢n Total;;;;CALLE;CARIDAD;10;;442698,26;4472605,59
28545;Ambiental;Desaparecido por Demolici¢n Total;;;;CALLE;EL BOYERO;13;;433805,35;4478856,87
17963;Ambiental;Desaparecido por Demolici¢n Total;;;;CALLE;GIL DE SANTIVA•ES;6;;441554,39;4474852,89
16619;Ambiental;Desaparecido por Demolici¢n Total;;;;CALLE;DOCTOR CASTELO;3;;442411,17;4474661,06
28269;Ambiental;Desaparecido por Demolici¢n Total;;;;CALLE;DULCINEA;16;;440646,29;4477755,06
28179;Ambiental;Desaparecido por Demolici¢n Total;;;;CALLE;MERCEDES;14;;440539,89;4478418,89
28057;Ambiental;Ambiental;;;;CALLE;BRAVO MURILLO;315;;440912,84;4479404,21
28054;Ambiental;Ambiental;;;;CALLE;BRAVO MURILLO;289;;440778,67;4479141,95
28007;Ambiental;Desaparecido por Demolici¢n Total;;;;CALLE;JOSE;24;;441010,89;4479877,06
29057;Ambiental;Desaparecido por Demolici¢n Total;;;;CALLE;PILAR DE ZARAGOZA;61;;443024,74;4476354,27
28547;Ambiental;Desaparecido por Demolici¢n Total;;;;CALLE;EL BOYERO;7;;433764,97;4478851,21
01668;Ambiental;Desaparecido por Demolici¢n Total;;;;CALLE;HORTALEZA;24;;440597,98;4474763,34
08298;Ambiental;Desaparecido por Demolici¢n Total;;;;CALLE;MARTIN DE LOS HEROS;73;;439035,6;4475757,33
10803;Ambiental;Desaparecido por Demolici¢n Total;;;;CALLE;LUCIO DEL VALLE;14;;439906,31;4476852,25
04083;Ambiental;Desaparecido por Demolici¢n Total;;;;CALLE;ATOCHA;21;;440352,27;4473953,59
06072;Ambiental;Desaparecido por Demolici¢n Total;;;;CALLE;TOLEDO;74;;439756,59;4473441,2
06069;Ambiental;Desaparecido por Demolici¢n Total;;;;CALLE;TOLEDO;68;;439775,16;4473471,63
06037;Ambiental;Desaparecido por Demolici¢n Total;;;;CALLE;MEDIODIA CHICA;6;;439632,4;4473486,26
08700;Ambiental;Ambiental;;;;CALLE;ILUSTRACION;14;;439140,5;4474762,66
08770;Ambiental;Desaparecido por Demolici¢n Total;;;;CALLE;CADARSO;18;;439310,12;4474892,78
09379;Ambiental;Desaparecido por Demolici¢n Total;;;;CALLE;GUZMAN EL BUENO;28;;439510,43;4476086,29
05080;Ambiental;Desaparecido por Demolici¢n Total;;;;CALLE;LAVAPIES;13;;440375,12;4473619,56
04283;Ambiental;Desaparecido por Demolici¢n Total;;;;CALLE;HUERTAS;39;;440753,83;4473893,5
10731;Ambiental;Desaparecido por Demolici¢n Total;;;;CALLE;VIRGEN DE NIEVA;1;;440275,58;4477430,69
04900;Ambiental;Desaparecido por Demolici¢n Total;;;;CALLE;AVE MARIA;6;;440582,62;4473705,19
09504;Ambiental;Desaparecido por Demolici¢n Total;;;;CALLE;GAZTAMBIDE;1;;439277,01;4475822,9
01454;Ambiental;Desaparecido por Demolici¢n Total;;;;CALLE;REGUEROS;13;;440934,48;4475141,49
09505;Ambiental;Desaparecido por Demolici¢n Total;;;;CALLE;PRINCESA;58;;439250,88;4475825,49
03802;Estructural;Parcial;;;;CALLE;CONCEPCION JERONIMA;11;;440179,81;4473934,22
32108;Estructural;Ambiental;;EUIT. AGR÷COLAS;;AVENIDA;PUERTA DE HIERRO;4;;438102,28;4477064,08
32107;Estructural;Singular;;ETSI AGR‡NOMOS-LAB. MECµNICA AGR÷COLA;;AVENIDA;PUERTA DE HIERRO;4;;438102,28;4477064,08
32105;Estructural;Descatalogado;;ETSI AG‡NOMOS-REPROGRAF÷A;;AVENIDA;PUERTA DE HIERRO;4;;438102,28;4477064,08
32104;Estructural;Descatalogado;;ETSI AG‡NOMOS -AULARIO;;AVENIDA;PUERTA DE HIERRO;4;;438102,28;4477064,08
03117;Estructural;VolumÇtrico;;;;CALLE;PRECIADOS;4;;440254,92;4474338,81
28580;Estructural;Parcial;;;;CALLE;PEREZ DE VICTORIA;11;;433595,29;4478822,2
03616;Estructural;Desaparecido por Demolici¢n Total;;;;PLAZA;PUERTA CERRADA;4;;439893,97;4473916,56
16063;Estructural;Desaparecido por Demolici¢n Total;;;;CALLE;ALCALA;103;;442041,82;4474778,47
29108;Estructural;Desaparecido por Demolici¢n Total;;;;CALLE;CASTELAR;13;;443479,94;4475770,29
28147;Estructural;Desaparecido por Demolici¢n Total;;;;CALLE;AVILA;31;;440640,99;4478239,8
03331;Estructural;Descatalogado;BIP;TEATRO ALBêNIZ;;CALLE;PAZ;11;;440263,37;4474095,68
22018;Estructural;Descatalogado;;;;CALLE;ORFILA;7;;441241,88;4475428,01
22041;Estructural;Desaparecido por Demolici¢n Total;;;;CALLE;PIRINEOS;25;;439203,14;4478612,64
25069;Estructural;VolumÇtrico;;;;CALLE;PINAR;16;;441691,17;4476646,4
01571;Estructural;Desaparecido por Demolici¢n Total;;;;CALLE;MU•OZ TORRERO;4;;440409,39;4474727,29
01629;Estructural;Desaparecido por Demolici¢n Total;;;;CALLE;PEREZ GALDOS;4;;440577;4474881,55
26507;Estructural;Estructural;;;;PLAZA;SANTA BARBARA;3;;440919,19;4475422,06
26578;Estructural;Integral;;;;CALLE;APODACA;7;;440567,61;4475428,93
18533;Estructural;Desaparecido por Demolici¢n Total;;;;CALLE;JUAN DE URBIETA;11;;442493,21;4472868,41
32109;Estructural;Descatalogado;;EUIT. AGR÷COLAS-BODEGA INDUSTR÷AS AGR÷COLAS;;AVENIDA;PUERTA DE HIERRO;4;;438102,28;4477064,08
01884;Estructural;Desaparecido por Demolici¢n Total;;;;CALLE;SAN MARCOS;32;;440798,96;4474744,53
02125;Estructural;VolumÇtrico;;;;CALLE;GRAN VIA;54;;439991,99;4474769,79
03985;Estructural;Desaparecido por Demolici¢n Total;;;;CALLE;VENTURA DE LA VEGA;1;;440713,87;4474200,38
30059;Estructural;VolumÇtrico;;;;CALLE;ACANTO;13;;442638,3;4472080,73
02501;Estructural;VolumÇtrico;;;;CALLE;LEGANITOS;39;;439703,5;4474894,34
03086;Estructural;VolumÇtrico;BIC-Monumento;CONJUNTO EDIFICIOS DE LA PUERTA DEL SOL;;PLAZA;PUERTA DEL SOL;10;;440248,15;4474282,94
08607;Estructural;Parcial;;;;CALLE;VENTURA RODRIGUEZ;18;;439410,27;4475148,2
07315;Estructural;Parcial;;;;PLAZA;ESPA•A;19;;439672,69;4475063,34
12440;Estructural;Integral;;;;CALLE;ALMAGRO;1;;441011,14;4475513,01
06156;Estructural;VolumÇtrico;;;;CALLE;CALATRAVA;4;;439707,33;4473423,88
07414;Estructural;Desaparecido por Demolici¢n Total;;;;CALLE;EMBAJADORES;40;;440164,47;4473361,37
07476;Estructural;Integral;;;;CALLE;RELATORES;20;;440321,41;4473812,46
14728;Estructural;Desaparecido por Demolici¢n Total;;;;CALLE;DON RAMON DE LA CRUZ;58;;442602,06;4475557,78
30610;Estructural;Desaparecido por Demolici¢n Total;;;;CALLE;MONSE•OR OSCAR ROMERO;23;;436895,23;4470338,89
30060;Estructural;VolumÇtrico;;;;CALLE;ACANTO;11;C;442618,57;4472118,67
12499;Estructural;Parcial;;;;PASEO;CASTELLANA;19;;441471,73;4475583,73
07238;Estructural;Desaparecido por Demolici¢n Total;;;;COSTANILLA;SAN VICENTE;5;;440131,15;4475308,6
07477;Estructural;Parcial;;;;CALLE;DUQUE DE MEDINACELI;6;;440957,41;4474049,08
30063;Estructural;VolumÇtrico;;;;CALLE;ACANTO;11;A;442576,33;4472179,63
07493;Estructural;Descatalogado;;;;CALLE;ARGUMOSA;43;;440964,08;4473205,96
30062;Estructural;VolumÇtrico;;;;CALLE;ACANTO;11;B;442598,33;4472143,12
30904;Estructural;VolumÇtrico;;INSTALACIONES MILITARES CAMPAMENTO: CUARTEL ALFONSO XIII-EDIFICIO IZQUIERDA;;PASEO;EXTREMADURA;384;;433950,08;4471228,25
26737;Integral;Estructural;;;;CALLE;DOCTOR CASTELO;49;;443059,16;4474613,88
30912;Integral;Estructural;;PABELLONES ESTACI‡N MILITAR;;AVENIDA;LAS AGUILAS;16;D;434107,73;4470564,53
32055;Integral;VolumÇtrico;;FACULTAD CE. ESTAD÷STICA-EDIF. PRINCIPAL;;AVENIDA;PUERTA DE HIERRO;1;C;437681,41;4477614,49
17669;Integral;Estructural;;;;CALLE;MONTALBAN;6;;441404,84;4474370,98
32010;Integral;Estructural;;ETSI TELECOMUNICACIONES EDIF. A);;AVENIDA;COMPLUTENSE;28;;438382,35;4478216,74
16031;Integral;Descatalogado;BIP;INMUEBLE PALACETE C/ VILLANUEVA, 18;;CALLE;VILLANUEVA;18;;441669,71;4474869,68
32138;Integral;Estructural;;CMU. SAN AGUST÷N- RECEPCI‡N;;TRAVESIA;ANTONIO NEBRIJA;4;;438288,86;4476484,9
32139;Integral;Estructural;;CMU. SAN AGUST÷N-DORMITORIOS;;TRAVESIA;ANTONIO NEBRIJA;4;;438288,86;4476484,9
32011;Integral;Estructural;;ETSI TELECOMUNICACIONES (EDIF. B);;AVENIDA;COMPLUTENSE;28;;438382,35;4478216,74
00577;Integral;Desaparecido por Demolici¢n Total;;;;CALLE;MARQUES DE SANTA ANA;8;;440192,01;4475087,09
32012;Integral;Descatalogado;;ETSI TELECOMUNICACIONES (EDIF. C);;AVENIDA;COMPLUTENSE;28;;438382,35;4478216,74
00907;Integral;Desaparecido por Demolici¢n Total;;;;CALLE;SAN BERNARDO;48;;439998,37;4475157,11
25810;Integral;Parcial;;;;CALLE;MARQUES DE CUBAS;21;;440986,52;4474223,66
15819;Integral;Estructural;;;;CALLE;GOYA;63;;442268,78;4475171,81
32077;Integral;Estructural;;CMU. SAN JUAN EVANGELISTA;;AVENIDA;GREGORIO DEL AMO;4;;438956,18;4477565,07
32186;No catalogado;Parcial;;INSTITUTO CIENCIAS AMBIENTALES;;CALLE;MANUEL BARTOLOME COSSIO;8;;438896,69;4477122,11
22331;No Catalogado;VolumÇtrico;;;;PASEO;CASTELLANA;99;;441323,63;4478261,29
22470;No Catalogado;Ambiental;;;"Potosi, 8 y 10; Bolivia, 5 y 7, Cochabamba, 21 y 23";CALLE;POTOSI;8;;442450,92;4478684,34
25786;No catalogado;Estructural;BIC-Monumento;EDIFICACION DEL JARD÷N BOTµNICO: INVERNADERO GRAELLS;;PLAZA;MURILLO;2;;441285,88;4473759,81
22486;No Catalogado;Estructural;;;;CALLE;MENENDEZ PIDAL;3;C;442112,89;4478980,45
22487;No Catalogado;Integral;;;;CALLE;MENENDEZ PIDAL;5;;442132,23;4479040,06
22490;No Catalogado;Ambiental;;INSTALACIONES MILITARES CAMPAMENTO: PICADERO CUBIERTO;;PASEO;EXTREMADURA;447;A;433794,14;4471026,34
25118;No Catalogado;Parcial;;;;CALLE;JORGE MANRIQUE;12;;441579,08;4477200,76
30652;No Catalogado;Parcial;;;;CALLE;VIEJA DE PINTO;17;;439816,55;4466550,88
22485;No Catalogado;Estructural;;;;CALLE;MENENDEZ PIDAL;3;B;442109,37;4478969,9
30653;No Catalogado;Estructural;;;;CALLE;OXIGENO;4;;439971,35;4466516,52
30651;No Catalogado;Ambiental;;;;PLAZA;MAYOR DE VILLAVERDE;4;;439929,88;4466551,94
30650;No Catalogado;Ambiental;;;;AVENIDA;REAL DE PINTO;18;;440005,67;4466535,98
04894;Parcial;Desaparecido por Demolici¢n Total;;;;CALLE;CABEZA;36;;440505,81;4473711,93
14980;Parcial;Desaparecido por demolici¢n total;;;;CALLE;GENERAL DIAZ PORLIER;83;;442604,02;4476006,11
06146;Parcial;Desaparecido por demolici¢n total;;;;CALLE;AGUILA;17;;439537,58;4473421,02
14982;Parcial;Ambiental;;;;CALLE;JUAN BRAVO;43;;442585,22;4475999,56
01244;Parcial;Desaparecido por Demolici¢n Total;;;;CALLE;SANTA BARBARA;1;;440544,64;4475079,36
15175;Parcial;Desaparecido por Demolici¢n Total;;;;CALLE;JOSE ORTEGA Y GASSET;73;;442910,53;4475694,45
04386;Parcial;Estructural;;;;CALLE;AMOR DE DIOS;17;;440740,26;4473770,98
04585;Parcial;Ambiental;;;;CALLE;ALMADEN;21;;441149,8;4473602,63
05891;Parcial;Integral;;;;CALLE;LUCIENTE;4;;439685,14;4473558,34
03809;Parcial;Desaparecido por Demolici¢n Total;;;;CALLE;CONDE DE ROMANONES;14;;440175,72;4473819,88
04678;Parcial;Desaparecido por Demolici¢n Total;;;;CALLE;MARQUES DE TOCA;10;;440924,33;4473496,09
20386;Parcial;Ambiental;;;;CALLE;PALOS DE LA FRONTERA;31;;441085,6;4472743,01
10249;Parcial;Ambiental;;;;CALLE;PABLO ARANDA;6;;441897,64;4477029,6
04904;Parcial;Desaparecido por Demolici¢n Total;;;;CALLE;OLMO;21;;440551,19;4473676,38
10871;Parcial;Descatalogado;;;;CALLE;BOIX Y MORER;20;;440103,9;4476957,39
01168;Parcial;Desaparecido por Demolici¢n Total;;;;CALLE;BALLESTA;20;;440332,72;4474828,99
05035;Parcial;Desaparecido por Demolici¢n Total;;;;CALLE;AMPARO;21;;440301,08;4473549,18
10870;Parcial;Descatalogado;;;;CALLE;BOIX Y MORER;18;;440103,07;4476949,42
15775;Parcial;Desaparecido por Demolici¢n Total;;;;CALLE;LAGASCA;46;;441873,27;4475240,97
05452;Parcial;Desaparecido por Demolici¢n Total;;;;CALLE;SOMBRERETE;3;;440449,05;4473360,01
05527;Parcial;Desaparecido por Demolici¢n Total;;;;CALLE;ESPINO;4;;440470,41;4473195,81
08662;Parcial;Desaparecido por Demolici¢n Total;;;;CALLE;MARTIN DE LOS HEROS;8;;439492,13;4475090,32
03845;Parcial;Desaparecido por Demolici¢n Total;;;;CALLE;CRUZ;20;;440422,75;4474087,81
02262;Parcial;Desaparecido por Demolici¢n Total;;;;CALLE;INFANTAS;22;;440643,08;4474684,15
17292;Parcial;Desaparecido por Demolici¢n Total;;;;CALLE;JORGE JUAN;94;;442845,59;4474947,51
13899;Parcial;Desaparecido por Demolici¢n Total;;;;PASEO;CASTELLANA;62;;441524,46;4476488,44
17206;Parcial;Desaparecido por Demolici¢n Total;;;;CALLE;GOYA;80;;442793,17;4475100,66
19373;Parcial;Parcial;;;;CALLE;MANZANARES;7;;439009,79;4473828,36
13406;Parcial;Desaparecido por Demolici¢n Total;;;;CALLE;PONZANO;44;;440709,9;4476838,22
19509;Parcial;Desaparecido por Demolici¢n Total;;;;PASEO;IMPERIAL;11;;439121,76;4473415,25
20393;Parcial;Ambiental;;;;CALLE;PALOS DE LA FRONTERA;33;;441096,37;4472741,99
19533;Parcial;Ambiental;;;;RONDA;SEGOVIA;50;;439475,44;4473183,31
18430;Parcial;Desaparecido por Demolici¢n Total;;;;CALLE;CARIDAD;8;;442689,82;4472592,59
12578;Parcial;Ambiental;;;;CALLE;GENOVA;27;;441290,64;4475272,84
01808;Parcial;Desaparecido por Demolici¢n Total;;;;CALLE;BARBIERI;21;;440789,9;4474802,55
01807;Parcial;Desaparecido por Demolici¢n Total;;;;CALLE;BARBIERI;23;;440791,7;4474808,48
02717;Parcial;Descatalogado;;;;CALLE;REQUENA;1;;439580,85;4474285,34
07403;Parcial;Desaparecido por demolici¢n total;;;;CALLE;CARLOS ARNICHES;23;;439904,3;4473230,72
20385;Parcial;Ambiental;;;;PASEO;DELICIAS;42;;441121,09;4472748,93
03303;Parcial;Desaparecido por Demolici¢n Total;;;;CALLE;BOLSA;8;;440219,9;4474054,18
06320;Parcial;Desaparecido por Demolici¢n Total;;;;CALLE;EMBAJADORES;18;;440080,56;4473475,74
14981;Parcial;Desaparecido por Demolici¢n Total;;;;CALLE;JUAN BRAVO;45;;442588,89;4475999,21
16874;Parcial;Descatalogado;;;;CALLE;MAIQUEZ;56;;442879,11;4474284,84
32032;Parcial;Estructural;;ETSI MONTES - PAB. MADERAS - 1;;CALLE;LEONARDO PRIETO CASTRO;1;;438861,43;4478085,1
32045;Parcial;Estructural;;CMU. VASCO QUIROGA (ANTIGUA CAPILLA);;CALLE;LEONARDO PRIETO CASTRO;4;;438894,91;4478087,79
32043;Parcial;Descatalogado;;ETSI MONTES - INVERNADERO - 4;;CALLE;LEONARDO PRIETO CASTRO;1;;438861,43;4478085,1
32042;Parcial;Descatalogado;;ETSI MONTES - INVERNADERO -3;;CALLE;LEONARDO PRIETO CASTRO;1;;438861,43;4478085,1
32041;Parcial;Descatalogado;;ETSI MONTES - INVERNADERO - 2;;CALLE;LEONARDO PRIETO CASTRO;1;;438861,43;4478085,1
32039;Parcial;Descatalogado;;ESTI MONTES - INVERNADERO - 1;;CALLE;LEONARDO PRIETO CASTRO;1;;438861,43;4478085,1
32036;Parcial;Descatalogado;;ETSI MONTES - PAB. MADERAS - 4;;CALLE;LEONARDO PRIETO CASTRO;1;;438861,43;4478085,1
32035;Parcial;Descatalogado;;ETSI MONTES - PAB. MADERAS -3;;CALLE;LEONARDO PRIETO CASTRO;1;;438861,43;4478085,1
32000;Parcial;Ambiental;;INIA;;AVENIDA;PUERTA DE HIERRO;12;;437114,44;4478215,94
32052;Parcial;Descatalogado;;CC. DE LA EDUCACI‡N - PISCINA;;AVENIDA;MORERAS;1;;439059,7;4478141,67
22035;Parcial;Descatalogado;;;;CALLE;VICENTE CABALLERO;3;;443311,74;4474560,76
32030;Parcial;Estructural;;ETSI MONTES- PAB. HIDRµULICA;;CALLE;LEONARDO PRIETO CASTRO;1;;438861,43;4478085,1
32029;Parcial;Estructural;;ETSI MONTES - PISCIF ACTORIA;;CALLE;LEONARDO PRIETO CASTRO;1;;438861,43;4478085,1
32009;Parcial;Ambiental;;FACULTAD FILOSOF÷A B (GEOGRAF÷A E HISTORIA);;CALLE;PROFESOR ARANGUREN;5;;437751,79;4477866,3
32004;Parcial;Descatalogado;;INIA CASA ANTIGUOS GUARDESES;;AVENIDA;PUERTA DE HIERRO;12;;437114,44;4478215,94
32003;Parcial;Descatalogado;;INIA NA VE CONEJO;;AVENIDA;PUERTA DE HIERRO;12;;437114,44;4478215,94
32002;Parcial;Descatalogado;;INIA NA VES, OVINO, PORCINO Y PIENSOS;;AVENIDA;PUERTA DE HIERRO;12;;437114,44;4478215,94
32001;Parcial;Descatalogado;;INIA NA VE MUFLONES;;AVENIDA;PUERTA DE HIERRO;12;;437114,44;4478215,94
32034;Parcial;Descatalogado;;ETSI MONTES - PAB. MADERAS -2;;CALLE;LEONARDO PRIETO CASTRO;1;;438861,43;4478085,1
32087;Parcial;Descatalogado;;INSTITUTO PLURIDISCIPLINAR - CALDERAS;;PASEO;JUAN XXIII;1;;438945,53;4477262,39
34984;Parcial;Ambiental;;;Francisco Alc†ntara, del 13 a 15 B;CALLE;FRANCISCO ALCANTARA;13;;441797,56;4477712,39
34439;Parcial;Ambiental;;;;CALLE;TAMBRE;35;;441691,42;4477654
32262;Parcial;Ambiental;;;;AVENIDA;MONCLOA;3;;439328,53;4477492,78
32144;Parcial;VolumÇtrico;;CMU. ARGENTINO (NTRA. SRA. LUJµN);;CALLE;MARTIN FIERRO;3;;437941,05;4476419,66
32113;Parcial;Descatalogado;;FACULTAD DE BELLAS ARTES AMPLIACION;;CALLE;PINTOR EL GRECO;2;;437753,74;4476770,01
32102;Parcial;Descatalogado;;EUIT AERONµUTICOS;;PLAZA;CARDENAL CISNEROS;2;;438582,17;4476880,36
32099;Parcial;Estructural;;ETSI NA VALES;;AVENIDA;MEMORIA;4;;438559,91;4476714,09
32093;Parcial;VolumÇtrico;;AGENCIA ESPA•OLA DE COOP. INTERN. BIBLIOTECA;;AVENIDA;REYES CATOLICOS;4;;438904,64;4476623,5
32049;Parcial;Descatalogado;;CMU. VACO QUIROGA - NA VE TALLER MATERIALES;;CALLE;LEONARDO PRIETO CASTRO;2;;438984,24;4478109,89
32088;Parcial;Descatalogado;;INSTITUTO PLURIDISCIPLINAR - PET;;PASEO;JUAN XXIII;1;;438945,53;4477262,39
32051;Parcial;Descatalogado;;CC. DE LA EDUCACI‡N - GIMNASIO;;AVENIDA;MORERAS;1;;439059,7;4478141,67
32085;Parcial;Descatalogado;;FUNDACI‡N PABLO VI - RESID. PIO XI;;PASEO;JUAN XXIII;3;;438935,72;4477389,21
32084;Parcial;Descatalogado;;FUNDACI‡N PABLO VI - RESID.PIO XII;;PASEO;JUAN XXIII;3;;438935,72;4477389,21
32083;Parcial;VolumÇtrico;;FUNDACI‡N PABLO VI - EDIF. JUAN XXIII;;PASEO;JUAN XXIII;3;;438935,72;4477389,21
32082;Parcial;VolumÇtrico;;FUNDACI‡N PABLO VI.-EDIF. LE‡N XIII;;PASEO;JUAN XXIII;3;;438935,72;4477389,21
32057;Parcial;Estructural;;FACULTAD CC. DE LA INFORMACI‡N;;AVENIDA;COMPLUTENSE;3;;438279,01;4477476,55
32056;Parcial;VolumÇtrico;;ETSI CAMINOS;;CALLE;PROFESOR ARANGUREN;1;;437893,34;4477701,89
32053;Parcial;Descatalogado;;CC. DE LA EDUCACI‡N - ALMACEN;;AVENIDA;MORERAS;1;;439059,7;4478141,67
32031;Parcial;Estructural;;ETSI MONTES - P AB. CORCHOS;;CALLE;LEONARDO PRIETO CASTRO;1;;438861,43;4478085,1
32092;Parcial;Estructural;;AGENCIA ESPA•OLA DE COOPERACI‡N INTERNACIONAL;;AVENIDA;REYES CATOLICOS;4;;438904,64;4476623,5
30914;Parcial;Singular;;TORRE DE TIRO POL÷GONO DE EXPERIENCIAS;Extremadura, de 374 a 380;PASEO;EXTREMADURA;374;;434264,45;4471532,56
30232;Parcial;Ambiental;;;;CALLE;TOMAS BRETON;28;;441146,51;4472087,12
30151;Parcial;Descatalogado;;;;CALLE;MANUEL LAMELA;3;;437693,81;4470917,14
30061;Parcial;Desaparecido por demolici¢n total;;;;CALLE;ACANTO;11;C;442618,57;4472118,67
29765;Parcial;Ambiental;;;Mar Caspio, de 45 a 49;CALLE;MAR CASPIO;45;;445500,55;4480490,57
29292;Parcial;Ambiental;;;Islas Bermudas, del 30 a 34;CALLE;ISLAS BERMUDAS;30;;441668,64;4482857,77
29148;Parcial;Ambiental;;;;CALLE;NUESTRA SE•ORA DE VALVERDE;28;;441747,5;4482838,07
26810;Parcial;Desaparecido por demolici¢n total;;;Segovia, de 31 A a 31 C;RONDA;SEGOVIA;31;A;439102,23;4473580,52
30233;Parcial;Ambiental;;;;CALLE;TOMAS BRETON;30;;441153,68;4472086,5
32245;Parcial;Ambiental;;;;CALLE;SIERRA;4;;439036,76;4477371,77
29208;Parcial;Desaparecido por Demolici¢n Total;;;;CALLE;ELFO;107;;445243,51;4476337,73
32033;Parcial;Descatalogado;;ETSI MONTES - P AB. DASOMETR÷A;;CALLE;LEONARDO PRIETO CASTRO;1;;438861,43;4478085,1
26480;Parcial;Desaparecido por Demolici¢n Total;;;;CALLE;RAIMUNDO LULIO;16;;440735,55;4476020,04
25083;Parcial;Ambiental;;;;CALLE;OQUENDO;10;;441917,09;4476912,69
28274;Parcial;Desaparecido por Demolici¢n Total;;;;CALLE;OVIEDO;16;;440597,08;4477822,08
30508;Parcial;Desaparecido por Demolici¢n Total;;;;CALLE;LUIS MITJANS;5;;443055,71;4472391,72
25739;Parcial;Ambiental;;;;AVENIDA;CIUDAD DE BARCELONA;63;;442639,43;4472599,14
30908;Parcial;Desaparecido por Demolici¢n Total;;PABELL‡N MU•OZ GRANDES;;PASEO;EXTREMADURA;441;;434114,14;4471339,29
25736;Parcial;Desaparecido por Demolici¢n Total;;;;CALLE;CARIDAD;3;;442663,6;4472594,74
30917;Parcial;Descatalogado;;CENTRO TêCNICO INTENDENCIA;;PASEO;EXTREMADURA;439;;434336,61;4471561,98
30602;Parcial;Desaparecido por demolici¢n Total;;;;CALLE;FRANCISCO ROMERO;5;;437108,7;4470454,58
30529;Parcial;Descatalogado;;;Don Antonio de AndrÇs, 12, 13 y 16;PLAZA;DON ANTONIO DE ANDRES;12;;448639,96;4472586,62
30592;Parcial;Desaparecido por Demolici¢n Total;;;;CALLE;EUGENIA DE MONTIJO;13;;437084,96;4470459,49
30533;Parcial;Ambiental;;;;CALLE;JARDIN DE LA DUQUESA;10;;448681,76;4472648,96
11223;Remitido;Ambiental;;;;CALLE;CASARRUBUELOS;4;;439984,59;4476229,79
11224;Remitido;Ambiental;;;;CALLE;CASARRUBUELOS;6;;439960,49;4476233,35
11228;Remitido;Desaparecido por Demolici¢n Total;;;;CALLE;CASARRUBUELOS;5;;439968,85;4476223,02
11231;Remitido;Ambiental;;;;CALLE;CASARRUBUELOS;3;;439998,25;4476218,76
11227;Remitido;Ambiental;;;;CALLE;CASARRUBUELOS;7;;439959,91;4476224,33
26315;Remitido;Ambiental;;;;CALLE;CASARRUBUELOS;9;;439951,22;4476225,61
26316;Remitido;Ambiental;;;;CALLE;CASARRUBUELOS;11;;439943,62;4476226,73
32125;Singular;Parcial;;ARQUITECTURA TêCNICA;;AVENIDA;JUAN DE HERRERA;6;;437941,75;4476747,61
32098;Singular;Estructural;;RESIDENCIA DE PROFESORES;Ministro Ib†§ez Mart°n, 1 y 2;CALLE;MINISTRO IBA•EZ MARTIN;1;;439051,27;4476384,86
32146;Singular;Descatalogado;;UNED-CIENCIAS;;PASEO;SENDA DEL REY;9;;437589,52;4476559,48
32096;Singular;Estructural;;RESIDENCIA DE PROFESORES;Ministro Ib†§ez Mart°n, 5 y 6;CALLE;MINISTRO IBA•EZ MARTIN;5;;439078,76;4476617,57
32097;Singular;Estructural;;RESIDENCIA DE PROFESORES;Ministro Ib†§ez Mart°n, 3 y 4;CALLE;MINISTRO IBA•EZ MARTIN;3;;439069,16;4476521,06
25809;Singular;Parcial;;;;CALLE;MARQUES DE CUBAS;19;;440994,08;4474242,8
32133;Singular;Descatalogado;;CAMPOS DE DEPORTES-VESTUARIO PISCINA;;AVENIDA;JUAN DE HERRERA;1;;438097,62;4476719,83
32122;Singular;Estructural;BIC-Monumento;MUSEO DEL TRAJE;;CALLE;PAUL GUINARD;2;;438104,05;4476863
32124;Singular;Descatalogado;;AMPLIACI‡N ETS. ARQUITECTURA;;AVENIDA;JUAN DE HERRERA;4;;437990,01;4476806,64
32127;Singular;Descatalogado;;CAMPOS DE DEPORTES-PABELLON;;AVENIDA;JUAN DE HERRERA;1;;438097,62;4476719,83
32128;Singular;Descatalogado;;CAMPOS DE DEPORTES-PABELLON;;AVENIDA;JUAN DE HERRERA;1;;438097,62;4476719,83
32131;Singular;Descatalogado;;CAMPOS DE DEPORTES-PISTAS;;AVENIDA;JUAN DE HERRERA;1;;438097,62;4476719,83
32129;Singular;Descatalogado;;CAMPOS DE DEPORTES-BAR;;AVENIDA;JUAN DE HERRERA;1;;438097,62;4476719,83
32130;Singular;Descatalogado;;CAMPOS DE DEPORTES-VESTUARIOS;;AVENIDA;JUAN DE HERRERA;1;;438097,62;4476719,83
32066;Singular;VolumÇtrico;;CENIM - NAVE ELECTRO-CORROSI‡N;;AVENIDA;GREGORIO DEL AMO;8;;438755,34;4477513,46
32132;Singular;Descatalogado;;CAMPOS DE DEPORTES-CASETA;;AVENIDA;JUAN DE HERRERA;1;;438097,62;4476719,83
32063;Singular;VolumÇtrico;;CENIM;;AVENIDA;GREGORIO DEL AMO;8;;438755,34;4477513,46
30914;Singular;Descatalogado;;CAPILLA;Extremadura, de 374 a 380;PASEO;EXTREMADURA;374;;434264,45;4471532,56
30914;Singular;Desaparecido por Demolici¢n Total;;EDIFICIO MANDO - P. DE EXPERIENCIAS;Extremadura, de 374 a 380;PASEO;EXTREMADURA;374;;434264,45;4471532,56
32007;Singular;VolumÇtrico;;BIBLIOTECA DERECHO;;AVENIDA;COMPLUTENSE;9;;438133,61;4478110,35
32022;Singular;Descatalogado;;FACULTAD CE. BIOL‡GICAS Y GEOL‡GICAS;;AVENIDA;COMPLUTENSE;14;;438345,69;4477833,44
32023;Singular;Descatalogado;;FACULTAD CE. BIOL‡GICAS Y GEOL‡GICAS AMPLIACI‡N;;AVENIDA;COMPLUTENSE;14;;438345,69;4477833,44
32024;Singular;Descatalogado;;FACULTAD CC. MATEMµTICAS;;AVENIDA;COMPLUTENSE;14;;438345,69;4477833,44
32025;Singular;Estructural;;CENTRO DE CµLCULO;;AVENIDA;COMPLUTENSE;22;;438334,8;4478111,03
26743;Singular;Estructural;;;;CALLE;DOCTOR ESQUERDO;44;;443220,55;4474654,26
32068;Singular;VolumÇtrico;;CENIM - NAVE 6;;AVENIDA;GREGORIO DEL AMO;8;;438755,34;4477513,46
32062;Singular;Descatalogado;;CENTRAL TêRMICA - EQUIPOS BOMBAS;;CALLE;JOSE ANTONIO NOVAIS;4;;438558,72;4477645,55
32090;Singular;Descatalogado;;HOSPITAL CL÷NICO -CALDERAS;;PLAZA;CRISTO REY;5;;439116,47;4476811,12
32064;Singular;Descatalogado;;CENIM - COBERTIZO;;AVENIDA;GREGORIO DEL AMO;8;;438755,34;4477513,46
32065;Singular;Descatalogado;;CENIM - COBERTIZO;;AVENIDA;GREGORIO DEL AMO;8;;438755,34;4477513,46
32067;Singular;VolumÇtrico;;CENIM - NAVE 5;;AVENIDA;GREGORIO DEL AMO;8;;438755,34;4477513,46
32069;Singular;VolumÇtrico;;CENIM - NAVE 7;;AVENIDA;GREGORIO DEL AMO;8;;438755,34;4477513,46
32070;Singular;VolumÇtrico;;CENIM - NAVE 8;;AVENIDA;GREGORIO DEL AMO;8;;438755,34;4477513,46
32071;Singular;VolumÇtrico;;CENIN - PABELLON COMEDORES;;AVENIDA;GREGORIO DEL AMO;8;;438755,34;4477513,46
32074;Singular;Integral;;CMU. CESAR CARLOS - EDIF. DORMITORIOS;;CALLE;DON RAMON MENENDEZ PIDAL;3;;438960,26;4477727,7
32075;Singular;Integral;;CMU. CESAR CARLOS - RECEPCI‡N;;CALLE;DON RAMON MENENDEZ PIDAL;3;;438960,26;4477727,7
32076;Singular;Descatalogado;;CMU. CESAR CARLOS VIVIENDA PORTERO;;CALLE;DON RAMON MENENDEZ PIDAL;3;;438960,26;4477727,7
32089;Singular;Estructural;;HOSPITAL CL÷NICO;;CALLE;MANUEL BARTOLOME COSSIO;2;;438870,16;4476837,29
26736;Singular;Estructural;;;;CALLE;O'DONNELL;50;;443066,53;4474717,68
30648;VolumÇtrico;Ambiental;;;Poblado Ca§o Roto;;;;;;
02415;Singular;Parcial;BIC-Monumento;;;CALLE;ALCALA;14;;440584,53;4474325,65
02418;Singular;Parcial;BIC-Monumento;;;PLAZA;CANALEJAS;1;;440553,72;4474252,01
07297;Integral;Parcial;;;;CALLE;ALCALA;8;;440498,57;4474300,84
04523;Estructural;Ambiental;;;;PASEO;PRADO;30;;441183,14;4473668,2
07299;Estructural;Parcial;;;;CALLE;ALCALA;12;;440549,51;4474315,49
13189;Sin Catalogar;Estructural;;;;PASEO;EDUARDO DATO;16;;441413,23;4476027,95
14886;Estructural;Desaparecido por demolici¢n total;;;;CALLE;GENERAL ORAA;73;;442626,96;4476358,36
14918;Ambiental;Desaparecido por demolici¢n total;;;;CALLE;PRINCIPE DE VERGARA;76;;442398,41;4476268,92
20681;Ambiental;Desaparecido por demolici¢n total;;;;CALLE;CACERES;30;;440811,49;4472257,52
20682;Ambiental;Desaparecido por demolici¢n total;;;;CALLE;EMBAJADORES;111;A;440785,32;4472270,49
22491;No Catalogado;VolumÇtrico;;;;CALLE;DOCTOR TOLOSA LATOUR;16;A;440233,3;4469590,62
22492;No Catalogado;Estructural;;;;AVENIDA;ALBUFERA;42;;443451,93;4471996,62
28369;Parcial;VolumÇtrico;;;;CARRETERA;EL PARDO;25;;436427,62;4479890,01
28763;Estructural;Integral;BIC-Sitio Hist¢rico;;;PASEO;PUERTA DEL ANGEL;5;;437837,74;4474168,31
60003;No catalogado;Integral;BIC-Sitio Hist¢rico;CRUZ ROJA III. APARECE EN PE CON NÈMERO 03;;PASEO;VIEJO;1;;438444,56;4474234,06
60004;No catalogado;Integral;BIC-Sitio Hist¢rico;CRUZ ROJA IV. APARECE EN PE CON NÈMERO 04;;PASEO;VIEJO;3;;438401,55;4474245,92
60005;No catalogado;Integral;BIC-Sitio Hist¢rico;RESIDENCIA MAYORES. SERVICIOS SOCIALES. APARECE EN PE CON NÈMERO 05;;CALLE;PISTA;4;;438287,8;4474148,36
60026;No catalogado;Integral;BIC-Sitio Hist¢rico;OBRA SINDICAL DEL HOGAR/ICONA (CAM). APARECE EN PE CON NÈMERO 26;;CALLE;HEXAGONOS;1;;437144,47;4473866,63
60030;No catalogado;Singular;BIC-Sitio Hist¢rico;PABELL‡N PRINCIPAL/CONVENCIONES. APARECE EN PE CON NÈMERO 30;;AVENIDA;PRINCIPAL;1;;437261,11;4473737,14
60041;No catalogado;Singular;BIC-Sitio Hist¢rico;M. VIVIENDA/EXPOSICIONES. APARECE EN PE CON NÈMERO 41;;CALLE;CUESTA NUEVA;4;;437043,49;4473898,06
60045;No catalogado;Integral;BIC-Sitio Hist¢rico;LA PIPA. APARECE EN PE CON NÈMERO 45;;AVENIDA;PRINCIPAL;6;;437218,06;4473905,95
60047;No catalogado;Integral;BIC-Sitio Hist¢rico;INST. NAC. PREVISI‡N/OFICINAS (IFEMA). APARECE EN PE CON NÈMERO 47;;AVENIDA;PRINCIPAL;12;;437235,56;4474019,42
60050;No catalogado;Integral;BIC-Sitio Hist¢rico;I.N.I. APARECE EN PE CON NÈMERO 50;;AVENIDA;PRINCIPAL;15;;437263,71;4474053,61
60052;No catalogado;Integral;BIC-Sitio Hist¢rico;ARGENTINA. APARECE EN PE CON NÈMERO 52;;AVENIDA;PRINCIPAL;19;;437372,71;4474078,01
60001;No catalogado;Estructural;BIC-Sitio Hist¢rico;CRUZ ROJA I.  APARECE EN PE CON NÈMERO 01;;PASEO;VIEJO;2;;438484,68;4474247,84
60002;No catalogado;Estructural;BIC-Sitio Hist¢rico;CRUZ ROJA II.  APARECE EN PE CON NÈMERO 02;;PASEO;VIEJO;4;;438418,41;4474260,01
60007;No catalogado;Estructural;BIC-Sitio Hist¢rico;SANTANDER/POLIC÷A ECOL‡GICA;;CALLE;GANADERIA;3;;438088,76;4474148,86
60009;No catalogado;Estructural;BIC-Sitio Hist¢rico;PONTEVEDRA/RESTAURANTE A CASI•A. APARECE EN PE CON NÈMERO 09;;PASEO;PUERTA DEL ANGEL;4;;437982,9;4474125,37
60010;No catalogado;Estructural;BIC-Sitio Hist¢rico;CATALU•A/LA MAS÷A. APARECE EN PE CON NÈMERO 10;;CALLE;PRINCIPAL DE PROVINCIAS;4;;437973,2;4474040,51
60011;No catalogado;Estructural;BIC-Sitio Hist¢rico;BURGOS. APARECE EN PE CON NÈMERO 11;;CALLE;PRINCIPAL DE PROVINCIAS;3;;437982,46;4474030,13
60012;No catalogado;Estructural;BIC-Sitio Hist¢rico;VIZCAYA/RESTAURANTE CURRITO. APARECE EN PE CON NÈMERO 12;;CALLE;PRINCIPAL DE PROVINCIAS;6;;437933,11;4474025,76
60015;No catalogado;Estructural;BIC-Sitio Hist¢rico;CµCERES. APARECE EN PE CON NÈMERO 15;;CALLE;PRINCIPAL DE PROVINCIAS;9;;437855,45;4473979,91
60016;No catalogado;Estructural;BIC-Sitio Hist¢rico;µLAVA (A.M.E.R.C.). APARECE EN PE CON NÈMERO 16;;CALLE;FERIAL;7;;437766,56;4474050,96
60017;No catalogado;Estructural;BIC-Sitio Hist¢rico;ASTURIAS. APARECE EN PE CON NÈMERO 17;;CALLE;PRINCIPAL DE PROVINCIAS;12;;437746,55;4473961,97
60019;No catalogado;Desaparecido por demolici¢n total;BIC-Sitio Hist¢rico;GUIPÈZCOA. APARECE EN PE CON NÈMERO 19;;CALLE;PRINCIPAL DE PROVINCIAS;13;;437708,96;4473939,89
60022;No catalogado;Estructural;BIC-Sitio Hist¢rico;SEGOVIA. APARECE EN PE CON NÈMERO 22;;CALLE;PRINCIPAL DE PROVINCIAS;17;;437626,57;4473864,94
60027;No catalogado;Estructural;BIC-Sitio Hist¢rico;PATRIMONIO FORESTAL/ICONA II (CAM). APARECE EN PE CON NÈMERO 27;;AVENIDA;PRINCIPAL;3;;437200,71;4473844,28
60031;No catalogado;Estructural;BIC-Sitio Hist¢rico;ESTRELLA. APARECE EN PE CON NÈMERO 31;;TRAVES÷A;VINO;1;;437255,14;4473667,02
60033;No catalogado;Estructural;BIC-Sitio Hist¢rico;MUSEO DEL VINO/ESCUELA DE VID. APARECE EN PE CON NÈMERO 33;;TRAVES÷A;VINO;3;;437139,61;4473637,51
60034;No catalogado;Estructural;BIC-Sitio Hist¢rico;GUADALAJARA. APARECE EN PE CON NÈMERO 34;;CALLE;HEXAGONOS;3;;437024,74;4473761,92
60035;No catalogado;Estructural;BIC-Sitio Hist¢rico;VINO ESPA•OL/ESCUELA DE VID. APARECE EN PE CON NÈMERO 35;;CALLE;VID;2;;437015,95;4473606,66
60036;No catalogado;Estructural;BIC-Sitio Hist¢rico;C‡RDOBA. APARECE EN PE CON NÈMERO 36;;RONDA;PROVINCIAS;6;;436988,69;4473714,34
60037;No catalogado;Estructural;BIC-Sitio Hist¢rico;CAPACIT. ENOL‡GICA/INDUSTRIAS LµCTEAS. APARECE EN PE CON NÈMERO 37;;RONDA;PROVINCIAS;5;;436987,01;4473658,44
60043;No catalogado;Estructural;BIC-Sitio Hist¢rico;VALENCIA. APARECE EN PE CON NÈMERO 43;;AVENIDA;PRINCIPAL;7;;437132,66;4473897,79
60044;No catalogado;Estructural;BIC-Sitio Hist¢rico;TEATRO. APARECE EN PE CON NÈMERO 44;;AVENIDA;PRINCIPAL;11;;437125,71;4473957,29
60049;No catalogado;Estructural;BIC-Sitio Hist¢rico;USA/PROTECCI‡N CIUDADANA. APARECE EN PE CON NÈMERO 49;;RONDA;LAGO;6;;437094,6;4474182,55
60053;No catalogado;Estructural;BIC-Sitio Hist¢rico;ALIMENTACI‡N BANCADAS. APARECE EN PE CON NÈMERO 53;;AVENIDA;PRINCIPAL;21;;437420,87;4474101,41
60056;No catalogado;Estructural;BIC-Sitio Hist¢rico;MµLAGA/ESCUELA DE HOSTELER÷A. APARECE EN PE CON NÈMERO 56;;CALLE;FERIAL;2;;437867,74;4474101,41
60059;No catalogado;Estructural;BIC-Sitio Hist¢rico;PISCINA MUNICIPAL EL LAGO. APARECE EN PE CON NÈMERO 59;;RONDA;LAGO;1;;437651,49;4474189,79
30521;Ambiental;Desaparecido por demolici¢n Total;;;;CALLE;CANTERAS DE TILLY;1;;448676,24;4472585,13
32145;Singular;Descatalogado;;UNED-ECON‡MICAS;;PASEO;SENDA DEL REY;9;;437589,52;4476559,48
34994;VolumÇtrico;Ambiental;;;;CALLE;ANGEL DE DIEGO ROLDAN;40;;443384,86;4478587,77
30904;Estructural;VolumÇtrico;;INSTALACIONES MILITARES CAMPAMENTO: CUARTEL ALFONSO XIII-EDIFICIO DERECHA;;PASEO;EXTREMADURA;384;;433950,08;4471228,25
